AFG99978,1
AEN94879,1
ABP49373,1
ABX58659,1
AEL31625,1
AEZ54170,1
AAA43271,1
ABB00347,1
ABB58924,1
ABD95319,1
ABO32961,1
ACC60614,1
ADV58851,1
AFG72330,1
CAC40042,1
ABB00355,1
ABV29911,1
ACC60562,1
ACC60700,1
ACO94564,1
ACR15471,1
ACV49536,1
ADY70700,1
ADY70870,1
ADY71040,1
AEK85901,1
AEO89185,1
AFG72671,1
AFK13899,1
AFR75851,1
AAA67336,1
ABA08510,1
ABB00341,1
ABD78029,1
ABJ16765,1
ABM22127,1
ABU80289,1
ACC60894,1
ACR61690,1
ACU44173,1
ACU80170,1
ADF83563,1
ADG08354,1
ADM95597,1
ADU85683,1
ADY69887,1
ADY69941,1
ADY70106,1
ADY71227,1
ADY71248,1
ADZ04841,1
AEA04051,1
AEL31501,1
AEL31529,1
AEN94868,1
AEO91846,1
AFM46819,1
AFM46925,1
AFM47131,1
AFO82981,1
AGF68630,1
AGF68736,1
AAA43263,1
AAA91324,1
AAC80156,1
AAK70438,1
CAD30543,1
AAY44663,1
AAY98089,1
AAY98179,1
ABB86949,1
ABC67567,1
ABD77809,1
ABF47629,1
ABI21081,1
ABI36005,1
ABK40614,1
ABL31748,1
ABL67189,1
ABQ01368,1
BAF57584,1
ABR28583,1
ABW39951,1
ACA33513,1
ACC60388,1
ACC60878,1
ACC94043,1
ACG70155,1
ACN85539,1
ACO25009,1
ACO25104,1
ACR15207,1
ACU43630,1
ACU44127,1
ACU43624,1
ACV72317,1
ACY06390,1
ACY06396,1
ADG08246,1
ADI46350,1
ADL28112,1
ADL39339,1
ADM95442,1
ADT78974,1
ADV58841,1
ADW10789,1
ADY70183,1
ADY70990,1
ADY71130,1
BAK23297,1
AEF33032,1
AEL31577,1
AEL31599,1
AEQ61324,1
AEQ61424,1
AEX33871,1
AEX35221,1
AFD98196,1
AFG72902,1
AFM46462,1
AFM46807,1
AFM46929,1
AFR76064,1
AFR76525,1
AFR76689,1
AGF68664,1
AAA43335,1
AAC34266,1
AAC63486,1
AAG28375,1
AAK70444,1
CAC87397,1
CAD30535,1
AAO88262,1
AAO46702,1
AAY98378,1
AAZ72698,1
ABA26768,1
ABA43180,1
ABB02805,1
ABB02949,1
ABB60009,1
ABB80003,1
ABB80083,1
ABC50400,1
ABD59894,1
ABD60858,1
ABD94989,1
ABE26993,1
ABF47871,1
ABG26262,1
ABG37386,1
ABG37452,1
ABG47842,1
ABI95230,1
ABK40559,1
ABL07012,1
ABO38023,1
BAF57523,1
ABQ45535,1
ABQ51936,1
ABS00320,1
ABS00906,1
ABS49901,1
ABS49945,1
ABS53357,1
ABV30032,1
ABV30417,1
ABW71523,1
ABY70957,1
ACC60530,1
ACC60680,1
ACC60816,1
ACC60938,1
ACC94051,1
ACC94057,1
ACD47325,1
ACD47425,1
ACJ53880,1
ACK57719,1
ACK99445,1
ACN50278,1
ACO95461,1
ACO94588,1
ACR39161,1
ACR39165,1
ACT21524,1
ACU43694,1
ACU43728,1
ACU46728,1
ACU80247,1
ACY06406,1
ACY66966,1
ACY66972,1
ADC45619,1
ADG08477,1
ADH83366,1
ADK65112,1
ADM18055,1
ADN89481,1
ADV69032,1
ADY04731,1
ADY70670,1
ADY70690,1
ADY71020,1
ADY71594,1
ADY80127,1
AEA03959,1
AEA29355,1
AEA29363,1
AEA29405,1
AEC23275,1
AEF33044,1
AEI87796,1
AEL31519,1
AEL31557,1
AEL31583,1
AEL31609,1
AEM60007,1
AEN94890,1
AEO91612,1
AEO91857,1
AEP17225,1
AEX35177,1
AEX36423,1
AEY69232,1
AEZ02126,1
AFC95846,1
AFC95848,1
AFD64440,1
AFG72770,1
AFH00584,1
AFJ19105,1
AFJ74638,1
AFJ74782,1
AFJ77552,1
AFO66193,1
AFP99569,1
AFR75864,1
AFR75885,1
AFR76004,1
AFR76442,1
AFR76502,1
AFR76543,1
AFR76700,1
AFR76776,1
AFU09967,1
AFU10027,1
AFU10083,1
AFU10140,1
AFZ15801,1
AGF44960,1
AGF44973,1
AGI55682,1
AAA43317,1
AAA43331,1
AAA43343,1
AAA43673,1
AAD00134,1
AAF74333,1
CAC04080,1
CAC87391,1
CAC87411,1
CAD30541,1
AAO15337,1
AAO46345,1
AAO46361,1
AAO46409,1
AAO46417,1
AAO46674,1
AAU25859,1
AAX12733,1
AAX12783,1
AAX76735,1
AAY28610,1
AAZ38530,1
AAZ43396,1
AAZ79395,1
AAZ79631,1
ABA12753,1
ABB00339,1
ABB00351,1
ABB04329,1
ABB04340,1
ABB46394,1
ABB46460,1
ABB86909,1
ABC40535,1
ABC42309,1
ABD60968,1
ABD77677,1
ABD78128,1
ABE11891,1
ABE11902,1
ABE11944,1
ABE12636,1
ABF01925,1
ABF21303,1
ABF21309,1
ABF82821,1
ABG48370,1
ABI20872,1
ABI20894,1
ABI36059,1
ABI36069,1
ABI36071,1
ABI85002,1
ABJ15717,1
ABK40019,1
ABK80236,1
ABM67031,1
ABE15586,1
ABN50769,1
ABO21713,1
ABO32983,1
ABO38056,1
ABO52359,1
ABP35618,1
ABP49219,1
ABP49329,1
ABP49395,1
ABQ58983,1
BAF63044,1
BAF63048,1
ABR29587,1
ABU80190,1
ABV30637,1
ABW06162,1
ABW06289,1
ABW40336,1
ABW40567,1
ABW71505,1
ABW91616,1
ABX58461,1
ABY74985,1
ABY74997,1
ABY75103,1
ABY75107,1
ABY75159,1
ACA42431,1
ACC60402,1
ACC60452,1
ACC60534,1
ACC60730,1
ACC60778,1
ACC60820,1
ACC94037,1
ACC94049,1
ACC94063,1
ACC94071,1
ACC94099,1
ACC94111,1
ACC94137,1
ACD47269,1
ACD47287,1
ACD47367,1
ACD47383,1
ACD47397,1
ACD62319,1
ACF49409,1
ACJ53882,1
BAH02073,1
BAH02093,1
BAH02133,1
BAH02143,1
BAH02153,1
BAH02183,1
ACM45807,1
ACN72620,1
ACN85530,1
ACN90960,1
ACN90991,1
ACO95155,1
ACO95439,1
ACO94566,1
ACR61668,1
ACT34433,1
ACT34459,1
ACT34577,1
ACT67849,1
ACT97071,1
ACU12518,1
ACU43807,1
ACU43849,1
ACU43886,1
ACU44051,1
ACU68860,1
ACV72307,1
ACY06380,1
ACY06394,1
ACZ05372,1
ACZ81535,1
ADD21471,1
BAI83400,1
ADG08510,1
ADI46360,1
ADL28394,1
ADL39141,1
ADL39460,1
ADM18041,1
ADM35898,1
ADM95444,1
ADM95625,1
ADT79154,1
ADU02117,1
ADV58833,1
ADX60682,1
ADY70007,1
ADY70040,1
ADY70051,1
ADY70260,1
ADY70590,1
ADY70880,1
ADY71030,1
ADY71409,1
ADY71584,1
ADY71616,1
ADY71780,1
ADY71791,1
ADZ05686,1
AEA04356,1
AEA29373,1
AEA29403,1
AEC23287,1
AEC23297,1
AEC46376,1
BAK23291,1
BAK23295,1
AEG65034,1
AEG65199,1
AEH42800,1
AEI87782,1
AEI87790,1
AEI87814,1
AEK85919,1
AEK85929,1
AEL31485,1
AEL31521,1
AEL31547,1
AEL31559,1
AEL31615,1
AEL31619,1
AEL31531,1
AEN94846,1
AEO91597,1
AEO91623,1
AEO91737,1
AEO91748,1
AEO91879,1
AEO91923,1
AEP17149,1
AEP17183,1
AEP17203,1
AEP17229,1
AEX34003,1
AEX34046,1
AEX34935,1
AEX35331,1
BAL70457,1
AFD32587,1
AFD63553,1
AFD63751,1
AFD64136,1
AFD98217,1
AFG72098,1
AFG72164,1
AFG98942,1
AFG99107,1
AFG99283,1
AFG99382,1
AFH00100,1
AFH00265,1
AFH53648,1
AFJ74461,1
AFJ74844,1
AFJ78058,1
AFJ78454,1
AFM46590,1
AFM46751,1
AFM46949,1
AFM46965,1
AFN66950,1
AFO64892,1
AFQ60209,1
AFR75928,1
AFR75939,1
AFR75950,1
AFR76159,1
AFR76188,1
AFR76315,1
AFR76509,1
AFR76575,1
AFR76649,1
AFR76711,1
AFR76743,1
AFR76798,1
AFU10136,1
AFU92404,1
AFY24133,1
AFZ15833,1
AGA19010,1
AGB98933,1
AGB99891,1
AGC13534,1
AGC13599,1
AFQ34777,1
AGC96283,1
AGC96367,1
AGF68887,1
AGF69086,1
CAA30883,1
AAA43265,1
AAA43301,1
AAA19194,1
AAA43315,1
AAA43339,1
AAA43350,1
CAA81472,1
AAD00136,1
AAD00138,1
CAC04082,1
CAC04084,1
AAG28377,1
AAK70446,1
AAM75162,1
CAD30537,1
CAD30539,1
AAO46346,1
AAO46365,1
AAO46369,1
AAO46421,1
AAO46668,1
AAO46682,1
AAO46700,1
AAO46704,1
AAT70526,1
AAT70530,1
AAX35863,1
AAX56562,1
AAX76625,1
AAX76635,1
AAX76745,1
AAY28347,1
AAY64194,1
AAY64374,1
AAY98149,1
AAY98239,1
AAY98331,1
AAX56532,1
AAZ72700,1
AAZ74421,1
AAZ74619,1
AAZ80009,1
AAZ83244,1
AAZ83384,1
ABA18147,1
ABA42293,1
ABB00337,1
ABB00345,1
ABB00353,1
ABB02838,1
ABB03092,1
ABB03114,1
ABB04318,1
ABB46405,1
ABB46416,1
ABB46438,1
ABB83017,1
ABB86879,1
ABB86927,1
ABB86939,1
ABB96376,1
ABC02257,1
ABC40633,1
ABC42752,1
ABC67688,1
ABC67699,1
ABD59880,1
ABD60847,1
ABD61737,1
ABD62783,1
ABD77820,1
ABD77974,1
ABD79103,1
ABD79246,1
ABF01917,1
ABF01919,1
ABF21301,1
ABF47585,1
ABF47640,1
ABF47673,1
ABF47728,1
ABF47750,1
ABF47816,1
ABG23664,1
ABG26260,1
ABG26793,1
ABG26804,1
ABG37364,1
ABG79987,1
ABG91467,1
ABI19014,1
ABI30812,1
ABI36061,1
ABI36081,1
ABI36083,1
ABI36148,1
ABJ09186,1
ABJ16655,1
ABJ52552,1
ABJ53451,1
ABK00145,1
ABK80225,1
ABL31784,1
ABL67365,1
ABM90515,1
ABN50758,1
ABN59403,1
ABO32669,1
ABO32862,1
ABO38034,1
ABO38353,1
ABO38386,1
ABO44037,1
ABO44059,1
ABP49340,1
ABP49351,1
ABQ45416,1
BAF63059,1
ABR10079,1
ABR28550,1
ABR28605,1
ABR29567,1
ABR29597,1
ABR29607,1
ABR87892,1
ABS00908,1
ABS50123,1
ABS53367,1
ABU50603,1
ABU50607,1
ABU80412,1
ABU99114,1
ABV30263,1
ABV30340,1
ABV82575,1
ABV82597,1
ABW38094,1
ABW71362,1
ABW86444,1
ABW91561,1
ABX58241,1
ABX58296,1
ABX58395,1
ABX58714,1
ABY40439,1
ABY74991,1
ABY75003,1
ABY75037,1
ABY81395,1
ABY81428,1
ACA25351,1
ACA33509,1
ACA33529,1
ACA33531,1
ACA42421,1
ACC60492,1
ACC60506,1
ACC60544,1
ACC60592,1
ACC60602,1
ACC60626,1
ACC60650,1
ACC60672,1
ACC60702,1
ACC60788,1
ACC60802,1
ACC60854,1
ACC60886,1
ACC60908,1
ACC60916,1
ACC94041,1
ACC94053,1
ACC94055,1
ACC94059,1
ACC94065,1
ACC94077,1
ACC94083,1
ACC94093,1
ACC94103,1
ACC94113,1
ACC94123,1
ACC94135,1
ACD37512,1
ACD47301,1
ACD47335,1
ACD47337,1
ACD47391,1
ACD47415,1
ACD47441,1
ACD47453,1
ACD47463,1
ACD56282,1
ACD56293,1
ACD62349,1
ACD85156,1
ACD85189,1
ACC55276,1
BAG49620,1
ACF22289,1
ACF41869,1
ACF54534,1
ACH95679,1
ACI26551,1
ACI26606,1
ACI48770,1
ACJ12601,1
BAG84410,1
BAH02033,1
BAH02053,1
BAH02063,1
BAH02173,1
ACK99412,1
ACL12263,1
ACN32806,1
ACN33059,1
ACN42983,1
ACN67527,1
ACN90974,1
ACO25040,1
ACO36586,1
ACO36674,1
ACO94674,1
ACO94718,1
ACO95527,1
ACR15592,1
ACR39163,1
ACR83934,1
ACR83936,1
ACR83946,1
ACR83952,1
ACR83954,1
ACR83958,1
ACR83962,1
ACT34457,1
ACT34477,1
ACT34527,1
ACT34535,1
ACT34625,1
ACT67867,1
ACU43642,1
ACU43654,1
ACU43688,1
ACU43720,1
ACU43857,1
ACU43952,1
ACU44018,1
ACU44097,1
ACU44139,1
ACU80412,1
ACU80734,1
ACV42033,1
ACV42088,1
ACV42099,1
ACV42110,1
ACV42121,1
ACV49558,1
ACV72281,1
ACV72313,1
ACV72327,1
ACV72347,1
ACV82215,1
BAI45113,1
ACY06378,1
ACY66964,1
ACY66970,1
ACY66976,1
ACY66978,1
ACY66980,1
ACZ05218,1
ACZ05592,1
ACZ48036,1
CAZ68648,1
ADC45608,1
ADF83515,1
ADF83564,1
ADF83568,1
ADF83570,1
ADG08213,1
ADG08224,1
ADG08235,1
ADG08290,1
ADG59100,1
ADH43289,1
ADI46358,1
ADI75919,1
ADK98487,1
ADK98713,1
ADK98911,1
ADL41185,1
ADL60312,1
ADM95397,1
ADM95403,1
ADM95627,1
ADN92471,1
ADN92935,1
ADO34914,1
ADO34918,1
ADO34922,1
ADP05211,1
ADR78632,1
ADR78641,1
ADT78880,1
ADT78965,1
ADT79043,1
ADT79165,1
ADT79175,1
ADT79186,1
ADU02107,1
ADU85689,1
ADU85820,1
ADV02483,1
ADV58837,1
ADV58843,1
ADV78486,1
ADW10833,1
ADY69865,1
ADY69898,1
ADY69908,1
ADY70029,1
ADY70128,1
ADY70304,1
ADY70326,1
ADY70579,1
ADY70710,1
ADY71000,1
ADY71100,1
ADY71140,1
ADY71151,1
ADY71279,1
ADY71343,1
ADY71365,1
ADY71552,1
ADY71562,1
ADY71682,1
ADY80059,1
ADZ04831,1
ADZ05672,1
ADZ05682,1
AEA04201,1
AEA29365,1
AEA29379,1
AEA29383,1
AEA29399,1
AEA29411,1
AEA29431,1
AEA29435,1
AEA50989,1
AEA73718,1
AEA77301,1
AEB71971,1
AEC23257,1
AEC23283,1
AEC23291,1
AEC46386,1
BAK23289,1
AEF33038,1
AEG65089,1
AEG65122,1
AEG65738,1
AEH42778,1
AEI87784,1
AEI87794,1
AEK70346,1
AEL31475,1
AEL31487,1
AEL31489,1
AEL31507,1
AEL31541,1
AEL31545,1
AEL31549,1
AEL31555,1
AEL31573,1
AEL31587,1
AEL31603,1
AEL31613,1
AEL31623,1
AEM60093,1
AEN94835,1
AEO91634,1
AEO91715,1
AEO91726,1
AEO91781,1
AEO91803,1
AEO91814,1
AEO91835,1
AEO91967,1
AEP17181,1
AEP17197,1
AEQ61314,1
AEQ61384,1
AEQ61394,1
AEQ61404,1
AET10034,1
AEV21648,1
AEX33543,1
AEX33860,1
AEX33926,1
AEX34201,1
AEX34234,1
AEX34685,1
AEX34759,1
AEX35243,1
AEX35606,1
AEX36159,1
AEX36533,1
AEX63621,1
AEY75602,1
AEZ02144,1
AEZ02288,1
AEZ54168,1
AEZ54172,1
AEZ54176,1
AFB77663,1
AFB77665,1
AFD32593,1
AFD63806,1
AFD98174,1
AFF18508,1
AFF59155,1
AFG71998,1
AFG72341,1
AFG72682,1
AFG72715,1
AFG99008,1
AFG99030,1
AFG99173,1
AFG99217,1
AFG99934,1
AFH00199,1
AFH00243,1
AFH00276,1
AFH00386,1
AFH00672,1
AFH00727,1
AFH00826,1
AFJ19083,1
AFJ74699,1
AFJ74833,1
AFJ75606,1
AFJ77410,1
AFJ77432,1
AFJ77508,1
AFJ77695,1
AFJ77849,1
AFJ78069,1
AFJ78421,1
AFJ78476,1
ADU25482,1
AFM46466,1
AFM46494,1
AFM46753,1
AFM46983,1
AFM47081,1
AFM72984,1
AFO64837,1
AFO64903,1
AFO66138,1
AFO66149,1
AFO66171,1
AFO83354,1
AFP99435,1
AFP99581,1
AFP99589,1
AFP99697,1
AFQ34700,1
AFQ34711,1
CCG47917,1
AFQ60213,1
AFQ90536,1
AFR75907,1
AFR76053,1
AFR76105,1
AFR76220,1
AFR76231,1
AFR76274,1
AFR76326,1
AFR76337,1
AFR76389,1
AFR76400,1
AFR76564,1
AFR76586,1
AFR76627,1
AFR76638,1
AFR76671,1
AFR76749,1
AFR76809,1
AFU09991,1
AFU92376,1
AFV53251,1
AFV53306,1
AFV68689,1
AFW15999,1
AFW16023,1
AFW16048,1
AFW89981,1
AFY08150,1
AFY08170,1
AFY08277,1
AFY24221,1
AFZ15935,1
AGA19054,1
AGB98416,1
AGB99010,1
AGB99153,1
AGF68853,1
AGF68985,1
AGG13521,1
AGH30413,1
AGI52443,1
AGI53473,1
AGI60299,1
AAA43255,1
AAA19192,1
AAA43341,1
CAA81470,1
AAK49250,1
CAC40056,1
AAN06598,1
AAO46395,1
AAO46712,1
AAY28543,1
AAY46373,1
AAZ74608,1
AAZ79551,1
ABB00335,1
ABB04285,1
ABB04919,1
ABB51974,1
ABB80014,1
ABB86897,1
ABB96354,1
ABD15517,1
ABD78106,1
ABD95033,1
ABE11703,1
ABF47574,1
ABG26264,1
ABG37166,1
ABG88390,1
ABI20828,1
ABI21268,1
ABI92832,1
ABM22105,1
ABM22182,1
BAF57568,1
BAF57604,1
ABR28649,1
ABR28693,1
ABS00311,1
ABU80300,1
ABV82586,1
ABW38365,1
ABW40611,1
ABW71329,1
ABW71483,1
ABX58648,1
ABX58681,1
ACC60428,1
ACC60496,1
ACD47381,1
BAH02043,1
BAH02103,1
ACN90981,1
ACO94554,1
ACR15526,1
ACU44045,1
ACV42077,1
BAI45085,1
ADG59178,1
ADK98498,1
ADN92961,1
ADV58835,1
ADY70860,1
ADY70920,1
ADY71237,1
ADY71269,1
ADY71420,1
ADY71605,1
ADZ04721,1
AEA29371,1
BAK23293,1
BAK41905,1
AEJ90183,1
AEL31543,1
AEM60104,1
AEM72491,1
AEO91901,1
AEO91945,1
AEP17139,1
AEQ61294,1
AEQ61414,1
AET84266,1
AEX34299,1
AEX34354,1
AEX36324,1
AEX36456,1
AEX36577,1
AEY75620,1
BAL70415,1
AFD63685,1
AFD63883,1
AFG72649,1
AFG99536,1
AFG99780,1
AFH00210,1
AFH00507,1
AFH00661,1
AFH88142,1
AFJ78300,1
AFJ78443,1
AFM46562,1
AFM46578,1
AFM47075,1
AFP33329,1
AFR75918,1
AFR76031,1
AFR76075,1
AFR76485,1
AFR76682,1
AFR76732,1
AFR76760,1
AFR76787,1
AFW16031,1
AFY24188,1
AGB08427,1
AGF68748,1
AGI53477,1
AGI63945,1
AGJ51956,1
ABI84661,2
AEK84641,2
AAF87518,2
AAY52533,2
ADB07982,2
AFJ12409,2
AAO92814,2
ABB87606,2
ABS54112,2
ABY51505,2
ACR56165,2
ADH96306,2
AGE03067,2
AGE09102,2
AAA56809,2
AAT70566,2
ABB20012,2
ABL08058,2
ABO52051,2
ABO77047,2
ACD35876,2
ACE79012,2
ACR48973,2
ACY29979,2
ACZ47938,2
ADG44622,2
ADQ92671,2
ADT79507,2
AFY06096,2
AGB98372,2
AAA43249,2
AAO92820,2
ABB19446,2
ABI84536,2
ABI98945,2
ABL67785,2
ABP88957,2
ABS70328,2
ABX88823,2
ACB47238,2
ACK99357,2
ACN39376,2
ACR56272,2
ACU16668,2
ACY06546,2
ACY29955,2
ACY80518,2
ACZ48020,2
ADA82081,2
ADF29741,2
ADG59138,2
ADR66409,2
ADU16042,2
ADU16545,2
BAK18430,2
AEF59212,2
AFF25590,2
AFK73131,2
AFP99828,2
AFW18228,2
AFW18382,2
AFX86011,2
ABB19452,2
ABB19880,2
ABB58928,2
ABB87680,2
ABB88185,2
ABB88269,2
ABD35622,2
ABF01755,2
ABI85164,2
ABI95186,2
ABJ09475,2
ABL07974,2
ABL67798,2
ABM21867,2
BAF46520,2
ABO44257,2
ABS50758,2
ABS54132,2
ABS54232,2
ABS54246,2
ABS70402,2
BAG32242,2
ACF25488,2
ACF25742,2
ACR48981,2
ACR49353,2
ACV90975,2
ACV91015,2
ACX61666,2
ACY29951,2
ACY80386,2
ACZ47706,2
ACZ47990,2
ACZ47994,2
ACZ48012,2
ACZ48210,2
ADB07972,2
ADD25320,2
ADF29763,2
ADG21898,2
ADG59106,2
ADG59186,2
ADI88875,2
ADP07605,2
ADW80450,2
AEB26719,2
AEF59276,2
AEF59286,2
AEK50287,2
AEN68755,2
AFF27126,2
AFJ12631,2
AFJ19006,2
AFM08873,2
BAM21512,2
AFQ90452,2
AFQ90543,2
AGB84775,2
AGC96311,2
AGC96323,2
BAM84169,2
AGG27744,2
AGG28185,2
AGI55583,2
AAC32081,2
AAD25200,2
AAD51929,2
AAF87530,2
AAO92842,2
AAP04511,2
AAT70504,2
AAT70578,2
AAY52547,2
AAZ16335,2
ABB19416,2
ABB20425,2
ABB88123,2
ABD35566,2
ABD35592,2
ABD35598,2
ABI84558,2
ABI85139,2
ABI85174,2
ABJ09497,2
ABK00103,2
ABL08100,2
ABL08234,2
BAF46530,2
ABO34228,2
ABO52645,2
ABO77058,2
ABQ41368,2
ABS54066,2
ABS54104,2
ABS54154,2
ABS54162,2
ABS89345,2
ABV31844,2
ABW21650,2
BAF93501,2
ACC61944,2
ACD35887,2
ACD37763,2
ACD88639,2
ACF25057,2
ACF25520,2
ACF33675,2
ACF33763,2
BAG80862,2
CAJ43176,2
ACJ26191,2
ACJ26312,2
ACK99302,2
ACO53822,2
ACP50635,2
ACR24400,2
ACR66931,2
ACU87180,2
ACV41473,2
ACV90545,2
ACZ05846,2
ACZ47796,2
ACZ47812,2
ACZ47978,2
ACZ48026,2
ACZ48078,2
ACZ48172,2
ACZ48178,2
ACZ48182,2
ACZ48230,2
ACZ48250,2
ACZ48402,2
ADB07960,2
ADC97019,2
ADD97104,2
ADG59152,2
ADG59156,2
ADG59172,2
ADI34045,2
ADI79231,2
ADK78189,2
ADQ26642,2
ADT64870,2
ADT79315,2
ADT79625,2
ADU53035,2
BAJ83414,2
ADZ45232,2
AEK50740,2
AEK84667,2
AEM75682,2
AEM75726,2
AEM75825,2
AEM75946,2
AEM76486,2
AEO08968,2
AET10147,2
AET44164,2
AET50893,2
AET74413,2
AET75063,2
AET76911,2
AET77037,2
AET77167,2
AEZ67231,2
AEZ67264,2
AFD62856,2
AFE48441,2
AFF26787,2
AFF26842,2
AFF27060,2
AFK13948,2
AFM09330,2
AFO83398,2
AFP82950,2
AFQ90408,2
BAM44548,2
BAM62211,2
BAM62248,2
AFX84419,2
AFX86132,2
AGB98218,2
AGC73161,2
AGE01035,2
AGE03472,2
AGE08034,2
AGE08626,2
AGG26627,2
AGG27384,2
AGG52893,2
AGG52901,2
BAN04669,2
CAA81466,2
AAA56807,2
AAD25174,2
AAD25186,2
AAD25196,2
AAD25214,2
AAD25218,2
AAD49068,2
AAF70407,2
AAF87522,2
CAC19701,2
AAO92782,2
AAO92784,2
AAO92804,2
AAO92810,2
AAO92824,2
AAO92828,2
AAO92830,2
AAO92834,2
AAO92852,2
AAT70608,2
AAY52555,2
AAY52569,2
AAY52575,2
AAZ29591,2
AAZ72680,2
ABB17738,2
ABB18071,2
ABB18393,2
ABB19164,2
ABB19406,2
ABB19502,2
ABB19641,2
ABB20153,2
ABB58926,2
ABB58930,2
BAE48333,2
ABB87036,2
ABB88371,2
ABB88381,2
ABB90216,2
ABB90232,2
ABC74396,2
ABD35570,2
ABD35584,2
ABD35586,2
ABD35588,2
ABD35620,2
ABF01887,2
ABF22662,2
ABI47997,2
ABI84715,2
ABI85097,2
ABI85157,2
ABI85185,2
ABI94740,2
ABI95340,2
ABI96726,2
ABK00126,2
ABK34767,2
ABK80005,2
ABL07996,2
ABL08016,2
ABL08040,2
ABL08126,2
ABL08184,2
BAF37965,2
ABL67101,2
ABL67809,2
ABO30351,2
ABO52018,2
ABO52084,2
ABO52447,2
ABO52568,2
ABO52667,2
ABO52733,2
ABO76981,2
ABP04022,2
ABP35636,2
ABP49197,2
ABP49274,2
ABQ09750,2
ABQ41892,2
ABR37453,2
ABS00912,2
ABS50732,2
ABS54068,2
ABS54072,2
ABS54200,2
ABS70349,2
ABS89312,2
ABV01125,2
ABV31871,2
ABV31894,2
ABY51549,2
ABY89676,2
ACC61889,2
ACD12187,2
ACD35869,2
ACD88518,2
ACE73588,2
ACF25477,2
ACF76247,2
ACH68522,2
ACH88908,2
CAJ43164,2
ACJ68631,2
ACL79923,2
ACL79948,2
ACN37869,2
ACN37897,2
ACN39372,2
ACP50624,2
ACP50701,2
ACP50723,2
ACR24388,2
ACR48965,2
ACR56266,2
ACR56270,2
ACS68475,2
ACV41583,2
ACV90515,2
ACV90965,2
BAI43449,2
ACX55923,2
ACY29975,2
ACY29983,2
BAI48895,2
ACY80423,2
ACY80504,2
ACY80560,2
ACZ36848,2
ACZ47606,2
ACZ47614,2
ACZ47650,2
ACZ47726,2
ACZ47846,2
ACZ47934,2
ACZ48130,2
ACZ48188,2
ACZ48196,2
ACZ48206,2
ACZ48216,2
ACZ48246,2
ACZ81597,2
ADA69378,2
ADB07976,2
ADB07986,2
ADB07992,2
ADB25453,2
ADB25739,2
ADB26025,2
ADB93834,2
ADF29751,2
ADF45436,2
ADG28026,2
ADG44406,2
ADG44414,2
ADG44552,2
ADG44590,2
ADG59132,2
ADG59136,2
ADG59150,2
ADG59164,2
ADG59182,2
ADG59534,2
BAJ08858,2
ADK35391,2
ADM26457,2
ADM95438,2
ADP07121,2
ADQ43617,2
ADU17313,2
ADU20297,2
ADU53146,2
ADV78565,2
AEA04389,2
AEA04432,2
AEB66918,2
AEB71216,2
AEB71220,2
AEF59262,2
AEK49327,2
AEK50199,2
AEK50498,2
AEK50938,2
AEK65252,2
AEK65262,2
AEK65820,2
AEK65841,2
AEK79810,2
AEK79814,2
AEK79818,2
AEK79834,2
AEK84663,2
AEM75208,2
AEM76552,2
AEM97784,2
AEN74800,2
AEO08946,2
AEO22151,2
AEP17301,2
AER09708,2
AET10129,2
AET74875,2
AET75237,2
AET75969,2
AET77266,2
AET78213,2
AEV40269,2
CBW54863,2
AEY75687,2
AEZ67209,2
AEZ67253,2
AEZ67275,2
AFA43948,2
AFF25535,2
AFF26074,2
AFJ12664,2
AFJ12708,2
AFJ13060,2
AFJ13151,2
AFK13937,2
AFM09493,2
AFM09669,2
AFM47150,2
ACF25498,2
AFP82954,2
AFP89320,2
AFP99824,2
AFP99832,2
AFQ90386,2
AFW18196,2
AFX84936,2
AFX85889,2
AFX85900,2
AFX86121,2
AFY05932,2
AFY09618,2
AGB98394,2
AGC96302,2
AGC96309,2
AGC96315,2
AGC96329,2
AGE00462,2
AGE00846,2
AGE02638,2
AGE08714,2
AGE09212,2
AGG26670,2
AGG52895,2
AGG52913,2
AGG81645,2
AGG81898,2
AGG83993,2
AGI55723,2
AAA43257,2
AAA43267,2
AAA43273,2
AAA43279,2
AAA43285,2
AAA43293,2
AAA43297,2
AAA43299,2
AAA43346,2
CAA31779,2
AAA56805,2
AAB50989,2
AAB50991,2
AAD25172,2
AAD25182,2
AAD25192,2
AAD25198,2
AAD25202,2
AAD25204,2
AAD49072,2
AAD49074,2
AAF87510,2
AAF87514,2
AAF87524,2
AAK26663,2
AAL75850,2
AAO92786,2
AAO92796,2
AAO92802,2
AAO92806,2
AAO92818,2
AAO92826,2
AAO92832,2
AAO92836,2
CAF33019,2
AAT70558,2
AAU00827,2
AAU00829,2
AAW59394,2
AAY52527,2
AAY52539,2
AAY52551,2
AAY52553,2
AAY52565,2
AAY52573,2
BAE07158,2
AAZ30555,2
AAZ72684,2
ABB17716,2
ABB19074,2
ABB19230,2
ABB19464,2
ABB19509,2
ABB19937,2
ABB20130,2
ABB20163,2
ABB20231,2
ABB20264,2
ABB20274,2
ABB20446,2
ABB20484,2
ABB21795,2
ABB58934,2
ABB58936,2
ABB86513,2
ABB87044,2
ABB87219,2
ABB87305,2
ABB87327,2
ABB87336,2
ABB87835,2
ABB87909,2
ABB88154,2
ABB88291,2
ABB88300,2
ABC74394,2
ABC88579,2
ABC94732,2
ABD35574,2
ABD35582,2
ABD35594,2
ABD35596,2
ABD35600,2
ABD35606,2
ABD35610,2
ABD35626,2
ABD65414,2
ABF01797,2
ABF01817,2
ABF01877,2
ABF17971,2
ABG88203,2
ABG88258,2
ABI33770,2
ABI33778,2
ABI33780,2
ABI33782,2
ABI84449,2
ABI84502,2
ABI84506,2
ABI84509,2
ABI84579,2
ABI84706,2
ABI84757,2
ABI84868,2
ABI84878,2
ABI85040,2
ABI85049,2
ABI85086,2
ABI85108,2
ABI85147,2
ABI85202,2
ABI85210,2
ABI85227,2
ABI97314,2
ABI97330,2
ABI98928,2
ABJ09508,2
ABJ09517,2
ABJ15715,2
ABJ16831,2
ABJ16864,2
ABJ16941,2
ABJ51675,2
ABJ51741,2
ABK00112,2
ABL07944,2
ABL08130,2
ABL08222,2
BAF37824,2
ABM21873,2
BAF46430,2
BAF46480,2
ABO38265,2
ABO44158,2
ABO51919,2
ABO51974,2
ABO76648,2
ABO76650,2
ABO93193,2
ABP35638,2
ABQ12378,2
ABQ57382,2
ABR13967,2
ABR13971,2
CAO01372,2
ABR31776,2
ABR37354,2
ABS00909,2
ABS00913,2
ABS17547,2
ABS50742,2
ABS50744,2
ABS50756,2
ABS50776,2
ABS50778,2
ABS54064,2
ABS54074,2
ABS54110,2
ABS54144,2
ABS54152,2
ABS54160,2
ABS54168,2
ABS54192,2
ABS54206,2
ABS54244,2
ABS70440,2
ABS89367,2
ABS89444,2
ABV01268,2
ABV31854,2
ABW95942,2
ABW97453,2
ABY51571,2
ABY81638,2
ACA49877,2
ACB70486,2
ACC63320,2
ACD12176,2
ACD88729,2
ACD88705,2
ACF04722,2
ACF04726,2
ACF22432,2
ACF22630,2
ACF24878,2
ACF24978,2
ACF25073,2
ACF25192,2
ACF25595,2
ACF25666,2
ACF25700,2
ACF25720,2
ACF25753,2
ACF25827,2
ACF33623,2
ACF36758,2
ACF37315,2
ACF40960,2
ACF47413,2
ACF74226,2
ACF76434,2
ACG59833,2
ACH68520,2
ACH68524,2
ACH68528,2
ACH85425,2
ACI22236,2
ACI22247,2
ACI41069,2
ACJ04578,2
BAG80868,2
ACJ24953,2
ACJ26378,2
ACJ68773,2
ACK43261,2
ACK43273,2
ACK43402,2
ACL12398,2
ACL79967,2
ACL79985,2
ACL80017,2
ACM66710,2
ACN37887,2
ACN39352,2
ACN41771,2
ACP50646,2
ACP50679,2
ACP50690,2
ACQ82916,2
ACR24406,2
ACR24414,2
ACR48945,2
ACR48975,2
ACR48979,2
ACR49390,2
ACR49401,2
ACR49423,2
ACR56161,2
ACR56258,2
ACR56262,2
ACR56264,2
ACR56268,2
ACR58653,2
ACR58697,2
BAH79571,2
ACS68321,2
ACS68458,2
ACT20724,2
ACU15836,2
ACV41440,2
ACV41451,2
ACV41550,2
ACV86822,2
ACV86852,2
ACV86882,2
ACV90665,2
ACV90725,2
ACV90925,2
ACX55501,2
ACX55915,2
ACY06620,2
ACY06538,2
ACY29953,2
ACY29957,2
ACY29971,2
ACY29981,2
ACY78109,2
ACY80459,2
ACY80510,2
ACY80520,2
ACY80552,2
ACZ36792,2
ACZ36812,2
ACZ47628,2
ACZ47636,2
ACZ47656,2
ACZ47766,2
ACZ47778,2
ACZ47810,2
ACZ47820,2
ACZ47824,2
ACZ48008,2
ACZ48014,2
ACZ48022,2
ACZ48024,2
ACZ48030,2
ACZ48096,2
ACZ48138,2
ACZ48140,2
ACZ48156,2
ACZ48174,2
ACZ48180,2
ACZ48184,2
ACZ48190,2
ACZ48248,2
ACZ48258,2
ACZ48322,2
ADA69353,2
ADA69422,2
ADA82125,2
ADB07968,2
ADB07970,2
ADB07978,2
ADB07980,2
ADB07984,2
ADB07988,2
ADB25607,2
ADB25662,2
ADB25926,2
ADB25970,2
ADB26201,2
ADC29466,2
ADD10562,2
ADD21488,2
ADE75124,2
ADE75244,2
ADF29681,2
ADF29743,2
ADF45447,2
ADF65095,2
ADG21876,2
ADG21900,2
ADG44582,2
ADG44594,2
ADG44628,2
ADG44658,2
ADG44682,2
ADG59096,2
ADG59110,2
ADG59122,2
ADG59128,2
ADG59140,2
ADG59180,2
ADG59184,2
ADG59188,2
ADG59536,2
BAJ08852,2
ADK22417,2
ADK70148,2
ADM26459,2
ADM95399,2
ADN78265,2
ADP06934,2
ADP06964,2
ADP07017,2
ADP07841,2
ADP95431,2
ADP95466,2
ADQ20626,2
ADQ27981,2
ADQ43615,2
ADQ74930,2
ADQ74932,2
ADR65097,2
ADR66401,2
ADT64831,2
ADT79400,2
ADT79465,2
ADT79570,2
ADT79636,2
ADT80630,2
ADU20455,2
ADU53605,2
ADV36584,2
ADW01397,2
ADW80359,2
ADW80439,2
BAJ83326,2
AEA04314,2
AEA04410,2
AEA04421,2
AEA29091,2
AEB66907,2
AEB71206,2
AEB71212,2
AEB71224,2
AEB71228,2
AEF59218,2
AEF59234,2
AEF59250,2
AEF59258,2
BAK39625,2
AEI26197,2
AEK49968,2
AEK50012,2
AEK50045,2
AEK50166,2
AEK50806,2
AEK65160,2
AEK65182,2
AEK65191,2
AEK65884,2
AEK65938,2
AEK70474,2
AEK79822,2
AEK79826,2
AEK84669,2
AEM75171,2
AEM75503,2
AEM75781,2
AEM97774,2
AEN68773,2
AEN94637,2
AEN95127,2
AEO00212,2
AEO52313,2
AEO92426,2
AET10157,2
AET44190,2
AET74581,2
AET74620,2
AET76516,2
AET76604,2
AET76692,2
AET76993,2
AET77026,2
AET77577,2
AET78224,2
AET80016,2
AEV40271,2
AEV40273,2
AEX91713,2
AFF25667,2
AFF25777,2
AFF25799,2
AFF25942,2
AFF26743,2
AFF26765,2
AFH77031,2
AFJ12395,2
AFJ12565,2
AFJ12719,2
AFJ12763,2
AFJ13082,2
AFJ13115,2
AFJ13195,2
AFJ18985,2
AFK73121,2
AFK75256,2
AFK75355,2
AFM09006,2
AFM09383,2
AFM09427,2
AFM09449,2
AFM09713,2
BAM21247,2
BAM22630,2
AFM47144,2
AFM82992,2
AFM83081,2
AFO83458,2
AFP82952,2
AFP99802,2
AFP99804,2
AFP99812,2
AFP99816,2
AFP99818,2
AFP99822,2
AFP99834,2
AFR11198,2
AFR11216,2
AFR42690,2
AFR53951,2
BAM42778,2
BAM62136,2
BAM62230,2
AFW17293,2
AFW17424,2
AFW18404,2
AFX83974,2
AFX84264,2
AFX84859,2
AFY05827,2
AFY06384,2
AFY07157,2
BAM74068,2
AGB51390,2
AGB98328,2
BAM76317,2
AGC74244,2
AGC96285,2
AGC96325,2
AGC96337,2
AGC96289,2
AGE00433,2
AGE00593,2
AGE00736,2
AGE03012,2
AGE07924,2
AGE08615,2
AGE08736,2
AGE08912,2
AGE83657,2
AGE83795,2
BAM84215,2
AGG26612,2
AGG26855,2
AGG27456,2
AGG28563,2
AGG28683,2
AGG82897,2
AGG83850,2
AGH55531,2
AGI41234,2
AGI55581,2
AGI55700,2
AGI55745,2
AGI55757,2
BAN14660,2
BAN15771,2
BAN15781,2
AAD25216,2
AAD49070,2
AAM49562,2
AAO92792,2
AAO92838,2
AAO92846,2
AAO92850,2
AAT37567,2
AAZ16341,2
AAZ72662,2
ABB17705,2
ABB19474,2
ABB19959,2
ABB20251,2
ABB20256,2
ABB20458,2
ABB87497,2
ABB90184,2
ABC74392,2
ABD35568,2
ABD35572,2
ABD35602,2
ABD35608,2
ABF01807,2
ABI84439,2
ABI84480,2
ABI84818,2
ABI85119,2
ABJ09120,2
ABK41620,2
ABL08000,2
ABL08134,2
ABL67024,2
BAF46450,2
ABO44147,2
ABO76658,2
ABO76915,2
ABO93189,2
ABP49230,2
ABR37321,2
ABS00911,2
ABS50734,2
ABS50750,2
ABS70307,2
ABS89400,2
ABX88834,2
ABX88856,2
ACD37773,2
ACE73608,2
ACE73615,2
ACF24985,2
ACF32594,2
ACH68516,2
ACH88897,2
ACI22203,2
ACK43394,2
ACL79958,2
ACM17291,2
ACM66798,2
ACN39374,2
ACP50668,2
ACQ82960,2
ACQ83299,2
ACY29969,2
ACY80470,2
ACY80490,2
ACZ36816,2
ACZ36832,2
ACZ47758,2
ACZ47828,2
ACZ48082,2
ACZ48192,2
ACZ48222,2
ACZ48312,2
ADB07990,2
ADB12389,2
ADB25948,2
ADG44490,2
ADG44532,2
ADG44560,2
ADG59124,2
ADG59130,2
ADG59134,2
ADG59166,2
BAJ08854,2
BAJ08860,2
ADI34053,2
ADK22419,2
ADK78200,2
ADO65944,2
ADP69277,2
ADR00946,2
ADT64808,2
ADT79559,2
ADU17346,2
ADV58829,2
ADW80318,2
BAJ83359,2
AEB71106,2
AEB71218,2
AEE73588,2
AEF28854,2
AEF59256,2
AEF59266,2
AEI26205,2
AEK50685,2
AEM75409,2
AEO52363,2
AET10167,2
AET44180,2
AET44188,2
AET74725,2
AET75430,2
AET76527,2
AET76582,2
AEX30615,2
CBW54857,2
AEZ67220,2
AFF23259,2
AFJ12397,2
AFJ13071,2
AFJ19050,2
AFK13970,2
AFM08884,2
ACF25786,2
AFO83424,2
AFR77961,2
BAM62220,2
AFW18437,2
AGB98036,2
AGC74246,2
AGE00464,2
AGE03483,2
BAM84136,2
BAM84346,2
AGG52909,2
AGG81910,2
BAN14682,2
BAN15760,2
