AAA51491,1
ACQ84481,1
CAA86564,1
ABP49331,1
ABO38058,1
AFM71861,1
ABV30419,1
AET84263,1
ABP49474,1
ABO44094,1
ABQ01359,1
ABO52251,1
AAO46437,1
AAO46444,1
ABP49485,1
ABR15812,1
ABQ44475,1
ABO33073,1
ABP49496,1
ABQ01315,1
ABQ44464,1
ABO52339,1
ABO38311,1
ABN51136,1
ABO52350,1
ABN59405,1
ABP49320,1
ABO52372,1
AAO46426,1
ABO44061,1
AEO88941,1
ADG59278,1
AEO89083,1
AEO88948,1
ADG59237,1
ACD56295,1
AAA43451,1
AAO46453,1
AFV53231,1
ABN59427,1
AFG99307,1
AFH00531,1
AFG72057,1
ABR15900,1
ABU80313,1
ABR28860,1
ABR28904,1
AEG65289,1
ACX46226,1
AEX34279,1
ABF21282,1
AFM68980,1
AFO65042,1
ACL11933,1
AEA50986,1
ABC42622,1
ABD77822,1
ABQ58980,1
ADX87383,1
ADX87378,1
ABC84393,1
AEO89119,1
ACF41871,1
AFG72100,1
ABF21283,1
AAA51485,1
ABB46396,1
ABD62846,1
AAO46445,1
AAO46460,1
ACD85191,1
AFG98823,1
AFG98966,1
ADT79000,1
AFG98856,1
AFG98955,1
AFG99076,1
AFG99032,1
AFG71957,1
ADT79069,1
AFG71902,1
AFG71913,1
AEK29038,1
ACU80315,1
ACU80414,1
AEA77303,1
AEA73577,1
ADW10769,1
AEB71940,1
ACU80725,1
ADW10857,1
AEA73764,1
AEB71973,1
AFJ44698,1
AFD98294,1
AGE89322,1
AGE89354,1
AFD98399,1
AFD98551,1
AFD98573,1
BAA00475,1
ABO38069,1
AAV48837,1
AFM72481,1
ACX46223,1
AFG72072,1
AAO46447,1
BAA00476,1
ABP49342,1
ABY81353,1
ACX46224,1
AFH00641,1
AEG64937,1
AEG65036,1
AEI54417,1
AEG65751,1
ABV30254,1
ABW39854,1
ABW86380,1
ACO94720,1
ADI77353,1
ADI75866,1
ADN06293,1
ADN06337,1
ADK94195,1
ADK98748,1
ADN89109,1
ADK98858,1
ADK98880,1
ADK99034,1
ADK94239,1
ADK45436,1
ADK45447,1
ADK99144,1
ADK99188,1
ADK94294,1
ADK94349,1
ADK94535,1
AEI92024,1
ADK94590,1
ADM95365,1
ADM95370,1
ADM95346,1
AFF59184,1
AFF59152,1
ABD79116,1
AAO46448,1
AAO46543,1
ABI85004,1
ABC50402,1
ABC43501,1
ABC43512,1
ABC50391,1
ABC42743,1
ABC42765,1
ABC43164,1
ABD60827,1
ABC67723,1
ABC85791,1
ACT21512,1
ACT21513,1
ABC67668,1
ABC85802,1
ABC67679,1
ABC42842,1
ABC86000,1
ABC68004,1
ABC41968,1
ABC42933,1
ABC43076,1
ABD94991,1
ABC50303,1
ABD38138,1
ABC68097,1
ABJ09111,1
ABD15750,1
ABD77987,1
ABD95035,1
AAO46547,1
ACG80438,1
ABO38344,1
AFM72058,1
AAO46423,1
AFO66162,1
ABO52801,1
ABA26704,1
ABA26792,1
ABW39909,1
ABV29803,1
ABW91200,1
ABV45963,1
ABV45985,1
AAO46456,1
AFV53340,1
ACD85224,1
AET84439,1
ACI25728,1
AEX34368,1
ADL39138,1
AEK28775,1
ACX46212,1
AAO46422,1
ABD15263,1
AEK28786,1
AEK28797,1
ABG80231,1
ABG48119,1
AEX63426,1
AFG72111,1
ADG59708,1
AAO46431,1
AFV53253,1
AFG99318,1
AFG99516,1
AAO46552,1
AFG98867,1
AFM71916,1
AFD63605,1
AFD63814,1
ACJ25146,1
ACJ25082,1
AFD63836,1
AFD64078,1
AFG72508,1
AFD64327,1
AFD63902,1
AAO46535,1
AFD63825,1
AFD64034,1
AFG72199,1
AFH00355,1
AFM72931,1
AFO64850,1
ABW86325,1
ACO94709,1
ADL39182,1
AEK28829,1
AEA04358,1
AAA67339,1
ABD77811,1
BAA00477,1
ABD61739,1
AEO88972,1
AEO89074,1
AFM72316,1
ADI99511,1
ACN32538,1
AAO46458,1
AAO46521,1
AEG65168,1
AEG65212,1
AEK28983,1
ABC67569,1
AFM71783,1
AEO89013,1
AEO89049,1
AFH00091,1
AAA51488,1
ADG59281,1
AEO89101,1
AFG99186,1
ACD85235,1
AEO89155,1
ABB58967,1
AAT39101,1
AEX35641,1
AEX35311,1
AEX34059,1
AEX36227,1
AEX36238,1
AEX34104,1
AEX34115,1
AEX34138,1
AEX34149,1
AEX33917,1
AEX36414,1
AEX34236,1
AEX34258,1
AEX35256,1
AEX35399,1
AAO46524,1
ADT79098,1
ABO38355,1
AAA52248,1
ACC60959,1
AEX34016,1
AEX34027,1
AAK51722,1
ABB46407,1
CAB95837,1
CAB95838,1
ABD60948,1
ABB04298,1
AAC40509,1
CAC19704,1
AAC32094,1
AAC34267,1
CAC40041,1
ABB04921,1
AFG72706,1
ABB80038,1
AFH00399,1
ABD60794,1
AAF99666,1
ABB04932,1
ABB04287,1
AAF99667,1
CAB95839,1
AAF75109,1
AAF74326,1
AAK49273,1
AAF74327,1
AAF74328,1
ABC40623,1
AAK18005,1
AAK18006,1
AAA43241,1
ABB80027,1
AAK49276,1
AAK49277,1
AAK49278,1
AFG72618,1
AFH00333,1
ABB04309,1
AEY69157,1
AEY69262,1
AEY69800,1
AEY69833,1
AEY69932,1
AEY70348,1
ACR15528,1
ACP44251,1
ACO36566,1
ACO94896,1
ACU12531,1
ACR15561,1
ACO95551,1
ACO36676,1
ACR15605,1
AEO89031,1
AEX34005,1
AEX35069,1
AEO88997,1
AEO89092,1
AEO89173,1
AAO46545,1
AFV53275,1
AEG65058,1
ABW91563,1
ABW40140,1
ABO38366,1
AEO00680,1
ABW06293,1
ABW06263,1
ABI36003,1
ABW06175,1
ABM90435,1
ABI36098,1
ABI36109,1
ABI36108,1
ABI36107,1
ABI36103,1
ABI36104,1
ABI36106,1
ABI36145,1
ABI36188,1
ABI36348,1
ABI36359,1
ABI36013,1
ABI49408,1
ABL31781,1
ABL07009,1
AEU04973,1
ABO38377,1
ABI19011,1
AEA04380,1
ABI84963,1
ACN32516,1
ADW01408,1
AEO88964,1
AFO64883,1
AFM72168,1
AAO46450,1
ACD85257,1
ABW91629,1
ACN33039,1
ABV30507,1
ABV29924,1
ABV29836,1
ABW40327,1
ACN43062,1
AEX36579,1
AEX34401,1
CAA36234,1
AAO46459,1
ADL39490,1
AEN68978,1
AET84230,1
ADL39336,1
AFV53264,1
AEK28917,1
AEX34048,1
ABR10082,1
ABF21285,1
AFM72080,1
ADT79109,1
AEX34422,1
ADL39391,1
AAA73106,1
AFG99538,1
AFG72298,1
AFH00421,1
AFG99131,1
AAO46427,1
AFJ77412,1
AFJ77434,1
ACX46227,1
AFJ74411,1
AFJ77455,1
AFJ74422,1
AFJ77488,1
AFJ77477,1
AFJ74431,1
AFJ77499,1
AFJ74452,1
AFJ77521,1
AFJ77532,1
AFJ78302,1
AFJ74463,1
AFJ77554,1
AFJ77565,1
AFJ77620,1
AFJ74474,1
AFJ77653,1
AFJ78346,1
AFJ78335,1
AFJ74518,1
AFJ78368,1
AFJ78093,1
AFJ78522,1
AFJ74529,1
AFJ75126,1
AFJ77697,1
AFJ78577,1
AFJ75597,1
ABD60970,1
AFJ75634,1
AFJ75666,1
AFJ78621,1
AFJ78291,1
AFJ74642,1
AFJ74702,1
AFJ74703,1
AFJ74732,1
AFJ74798,1
AFJ77851,1
AFJ77862,1
AFJ77895,1
AFJ77917,1
AFJ77928,1
AFJ77950,1
AFJ74846,1
AFJ78423,1
AFJ77983,1
AFJ78434,1
AFJ78005,1
AFJ75040,1
AFJ78456,1
AFJ78027,1
AFJ78038,1
AFJ78071,1
ACR15374,1
ACO94863,1
ACO36379,1
ACP44207,1
ACR15440,1
ACR15418,1
ACR15462,1
ACR15451,1
ACO94819,1
AEA73325,1
ACR15473,1
ACP44196,1
AEK21373,1
ACU12564,1
AEI54483,1
AET84428,1
ABO33010,1
AET84307,1
ACV49560,1
ABD62785,1
ABB54518,1
AAZ80011,1
AAA51500,1
ABB96378,1
ABG88337,1
ABF47697,1
AAA51499,1
ABD17327,1
ABB96356,1
AAZ43387,1
ABA12777,1
AAA51502,1
ABM22250,1
ABF47719,1
AAA51511,1
AAA51504,1
AAA51503,1
ABB96323,1
ABG37223,1
ABK40572,1
AAA51493,1
ABD61533,1
AAA51501,1
AAA51505,1
ABN50944,1
AAA51508,1
ABC84535,1
ABD16597,1
AFG99450,1
ABM22239,1
ABM66912,1
ABN50921,1
ABI92306,1
AAA51512,1
ABO32952,1
ABM67055,1
ABF47752,1
ABC40559,1
AEK29104,1
AEK29115,1
AEK29126,1
AEK29137,1
AEK29148,1
AEK29181,1
AEK29225,1
AEK29236,1
AFY24130,1
AFY24141,1
AFQ55690,1
AFY24207,1
AFY24218,1
AEO01675,1
AEO01700,1
AEO01710,1
AEO01653,1
ABV30342,1
ABV30034,1
AEG65146,1
AEG65124,1
CAA91086,1
CAA91085,1
CAA91084,1
AAA52249,1
AAO46457,1
BAH03554,1
BAH03552,1
ABE73100,1
AFM72212,1
ACD56328,1
AFO64905,1
AAO46440,1
AFM68958,1
ADC45737,1
BAA86068,1
ABI21523,1
AFG72629,1
ABB53755,1
ADR78629,1
ADR78616,1
ABB96502,1
ABC39809,1
ABB96524,1
ACX46211,1
ADT78860,1
ADT78877,1
ADT78888,1
ADT78909,1
ADT78920,1
ADT78930,1
AFH00817,1
ADT78962,1
AFH00707,1
AFG72838,1
AFG72365,1
AFH00597,1
AFH00586,1
AFH00212,1
AFG99120,1
AAR04370,1
AFG72860,1
AFH00729,1
AFG99153,1
AFG99208,1
AFG72926,1
AFG99285,1
AAO46436,1
AAO46439,1
AFG99670,1
AET84296,1
AEK28928,1
ACF41882,1
ACU80018,1
AAA73107,1
AAA73108,1
AAA52253,1
ACQ99825,1
ADL39270,1
ADL39369,1
AEK28873,1
ABI93054,1
ABI95298,1
ABJ16591,1
ABJ09265,1
ABJ09276,1
AEN02486,1
AEN02497,1
AAX12815,1
AAY28409,1
AAX47519,1
AAX57738,1
AAX56534,1
AAX56384,1
ACZ05198,1
AAX57898,1
AAY28359,1
AAY18190,1
AAX57948,1
AAZ83246,1
ABB02785,1
AAZ83257,1
AAZ83981,1
ABA87061,1
ABD94947,1
ABA08490,1
AAY27998,1
AAY46420,1
AAZ83270,1
AAZ74390,1
AAY28575,1
AAZ38466,1
AAZ83303,1
ABA87084,1
ABA08512,1
ABA18127,1
ABA87049,1
ACZ05220,1
AAZ74412,1
AAZ79564,1
AAZ38499,1
AAY98380,1
ACZ05605,1
AAZ79952,1
ACZ05987,1
ACZ05976,1
ABB53618,1
AAZ79597,1
ABA43171,1
AAZ74467,1
ADW23531,1
ACZ05998,1
ADV76583,1
ACZ06009,1
AAZ83653,1
AAZ74544,1
AAZ38576,1
ADV76635,1
ABA12788,1
ABA42295,1
ABB53700,1
AAX56604,1
ABA42339,1
ABA42361,1
AAX11539,1
ABB04987,1
ABB05220,1
ABB82187,1
ABA42568,1
ABB46429,1
AAX76657,1
ABB03083,1
ABB03094,1
ABD15475,1
ABD15629,1
ABB53744,1
ABG88821,1
AAY27857,1
ABC50182,1
ABB60011,1
ABB80211,1
ABB80233,1
ABC67580,1
ABB80533,1
ABD94826,1
ABC02303,1
ABB80676,1
ABB80686,1
BAH80438,1
ACF41904,1
ABG67139,1
ABD94837,1
ABE13108,1
ABE13333,1
ABD77855,1
ABD79237,1
ABD79248,1
ABD94892,1
ABF82699,1
ABE13599,1
ABE11904,1
ABG37157,1
ABE14056,1
ABG37179,1
ABG47855,1
ABG37234,1
ABI20874,1
ABG37245,1
ABG37256,1
ABI20885,1
ABG79978,1
ABG37267,1
ABG80011,1
ABG37289,1
ABG37300,1
ABG67183,1
ABG67194,1
ABK40660,1
ABG67205,1
ABG26850,1
ABI92317,1
ABG26861,1
ABG47921,1
ABG47932,1
ABG80110,1
ABG47954,1
ABG88425,1
ABF47862,1
ABG80154,1
ABG48042,1
ABG48328,1
ABI21270,1
ABG80396,1
ABG80418,1
ABI21402,1
ABK79963,1
AAY28585,1
AAX38241,1
AAY44614,1
ABN51014,1
ABM67033,1
ABN51025,1
AAY18589,1
ABN51058,1
AAX47529,1
AAY44625,1
ABW40118,1
ABV30386,1
ABV29913,1
ACN33028,1
ABO33029,1
ACV49582,1
ABW71298,1
ABW40294,1
ACN72610,1
AAA43474,1
AAA43475,1
AAA43476,1
AAA43477,1
AAA73104,1
ABU80404,1
AAA43473,1
ABW40426,1
ABW86435,1
ABW40679,1
ABX58584,1
ABX58452,1
ACN32907,1
ACL12254,1
AFH00751,1
ABY70960,1
ABW40657,1
ABX58320,1
ACF41684,1
AFG72420,1
AFO65020,1
ABI30613,1
ABI21215,1
AAO46432,1
AAO46446,1
AAO46451,1
AFH00256,1
ACI26520,1
ACO36335,1
ACI26542,1
ADL60243,1
ADL60265,1
ADL60276,1
ADL60287,1
ADL60298,1
ADL60320,1
ADL60331,1
ADL60353,1
ADL60375,1
AFH34941,1
ABO38388,1
ADJ41809,1
AFG99164,1
AFM72036,1
AFM71815,1
AAO46531,1
AET84450,1
AAO46443,1
AET84329,1
AAO46449,1
AET84417,1
AAA43467,1
CAA24268,1
AAA43459,1
ABK80128,1
ABL67290,1
ABK80161,1
ABK80172,1
ABK80205,1
ABO32820,1
ABM22140,1
ABM22151,1
AAO46540,1
ABK80106,1
AAO46537,1
AFV53286,1
ABN59438,1
AFG72033,1
AEA29269,1
AEA29267,1
AET84384,1
AAO46429,1
ACU27418,1
AFH00267,1
AFD63627,1
AFD63704,1
AFD63748,1
BAG84377,1
BAG84383,1
AEO89128,1
ACL12133,1
AAA51515,1
AFG99252,1
AFM72124,1
AFO64894,1
AAA51514,1
AAA51513,1
AFO64872,1
ACV33299,1
AFG72089,1
AEO88981,1
AEO89040,1
ACK99458,1
ACK99447,1
ACO36357,1
ACV49670,1
ACI26586,1
ACL12265,1
ACF54514,1
AEA04369,1
ACX46214,1
AFG72453,1
ACX46216,1
AFG99395,1
ABO38399,1
AFP99617,1
AFP99626,1
AEG65696,1
AEG65663,1
ABQ01337,1
ABK40032,1
ABJ53519,1
ABJ16646,1
ABK40065,1
ABJ16723,1
ABJ16756,1
ABK79985,1
ABC43021,1
AEG65003,1
ADL39259,1
AEA92633,1
AEK28808,1
ACI26454,1
AFG72464,1
AET84395,1
AAL87895,1
AAA74749,1
AAF75997,1
AAL87894,1
AAG01771,1
AAG01780,1
AAL87893,1
AAN46830,1
AAL87892,1
AAG01789,1
AAG01762,1
AAL87891,1
AAL87890,1
AAL87889,1
AAF73879,1
AAF73880,1
AAF73881,1
AAF73883,1
AAF73884,1
AAF73886,1
ADU25479,1
CAD30200,1
ADO17560,1
ADI99544,1
ADO17563,1
ADO17556,1
ADO17568,1
ADO17561,1
ADO17567,1
ADO17562,1
ABD59859,1
ABD59863,1
ABD59868,1
ABF21288,1
ABD59858,1
AAO46433,1
ACX46229,1
AAO46539,1
ADN92831,1
ABB51966,1
ACR15330,1
AAO46438,1
ABF21289,1
AAO46541,1
ACR15209,1
ADN92835,1
ADN92827,1
AAO46544,1
ADN92828,1
ABD59860,1
ACQ65706,1
ACD85246,1
AEX36612,1
AEX34455,1
AEX33468,1
AEX33829,1
AEX35509,1
AEX35520,1
AEX33873,1
ABX58694,1
ABW40569,1
ABW86501,1
BAA00478,1
AFG99109,1
AFM68969,1
ABD60959,1
ACF41937,1
ABF21290,1
AGG13535,1
AGG13547,1
AGG13919,1
AGG13943,1
AEG65047,1
ABW91222,1
ABW36227,1
ABV82555,1
ABW39887,1
ABV30408,1
ABV29616,1
ABV82566,1
ADL39193,1
AET84197,1
AET84219,1
AEK49287,1
AEK28950,1
AAV32642,1
ABC72650,1
ACZ81548,1
ACZ81553,1
ACV82227,1
ADN92501,1
ACZ81550,1
ACO94589,1
ACO94595,1
ABO21700,1
ADL39523,1
ADL39556,1
ADP92459,1
ABO44138,1
AAO46452,1
ABQ01326,1
BAA00479,1
ABD60937,1
BAA00035,1
AEA03732,1
AEA03859,1
AEA04143,1
AFM72261,1
AFH00036,1
AFH00047,1
ACV49538,1
AFM72569,1
ABW40052,1
ABV30353,1
ABV30067,1
AFH00740,1
AFG72475,1
AAO46428,1
AAD12236,1
AFM71971,1
AAA52252,1
AFG72662,1
AAZ72755,1
AAZ72758,1
AAZ72754,1
ADF83632,1
ADF83628,1
ADF83637,1
ADF83636,1
ADF83635,1
ADF83634,1
ADF83631,1
ADF83630,1
ADF83629,1
ABX58331,1
ABY81419,1
ABW40371,1
ABG37377,1
ABG67517,1
ABG67583,1
ABG67605,1
ABI21039,1
ABG88656,1
ABO52075,1
ABG80209,1
ABI21171,1
ABG48196,1
ACN32505,1
ABD79105,1
AFM72360,1
ABF47873,1
ABG37586,1
ABG67506,1
ABI92416,1
ABF47895,1
ABG67594,1
ACX46218,1
ABG48163,1
ABG37498,1
ABF47906,1
ABD77624,1
ABE11694,1
ABJ09243,1
ABI92515,1
ABO38036,1
ABN51147,1
ABG88810,1
ABI92559,1
ABK39966,1
ABI92680,1
ABI92691,1
ABI92856,1
ABI92900,1
AAA43452,1
ACA13564,1
ABF21292,1
ACX46225,1
AFM72426,1
AAO88263,1
AFM71759,1
AAA52254,1
AAA73112,1
ACX46204,1
ACF54580,1
AEO89057,1
AFH00311,1
AFH00322,1
ADC45847,1
AEM60008,1
AAA43465,1
AAO15347,1
AAO15348,1
AAA52256,1
AAA52259,1
ABB86885,1
ABK00128,1
BAK23283,1
AEI60110,1
ADO65972,1
ABU80291,1
ABS53373,1
ACR39171,1
ACR39170,1
ADI46327,1
ACK57785,1
ACK57775,1
AAB50974,1
ACN67528,1
AFR75861,1
BAM65747,1
BAK41893,1
BAK41897,1
ADT79183,1
AFR75872,1
AAA52268,1
BAH02101,1
ACH95677,1
BAH02071,1
BAH02051,1
BAH02061,1
ABD61555,1
AAG01746,1
AFR76533,1
AFR76540,1
CAC85236,1
AFR76561,1
CAC85241,1
AFR76591,1
AAA52269,1
ABS53354,1
ADI46328,1
BAH02171,1
AFR75882,1
AFR75893,1
AFR75915,1
AFR75925,1
AFR75936,1
AFR75947,1
AFR75968,1
AFR75979,1
AFR75990,1
AFR76001,1
AFR76028,1
AFR76039,1
AFR76050,1
AFR76061,1
AAC57416,1
AFR76072,1
AAA62802,1
AFR76083,1
AFR76102,1
AFR76124,1
AFR76146,1
AFR76156,1
AFR76163,1
AFR76196,1
AFR76217,1
AFR76228,1
AFR76239,1
AFR76250,1
AFR76261,1
AFR76271,1
AFR76282,1
AFR76291,1
AFR76302,1
AFR76334,1
AFR76345,1
AFR76364,1
AFR76375,1
AFR76386,1
AFR76397,1
AFR76408,1
AFR76417,1
AFR76428,1
AFR76439,1
AFR76450,1
AFR76472,1
AFR76482,1
AFR76499,1
AFR76506,1
AFR76517,1
AFR76523,1
ADD21468,1
AAV30830,1
ABD77113,1
ABD77121,1
ACK57725,1
AAV30838,1
AFR76602,1
AFR76613,1
AFR76635,1
AFR76646,1
AAA43667,1
CAA81461,1
CAP49199,1
CAP49190,1
CAP49194,1
CAZ68647,1
CAP49180,1
CAP49185,1
ACR39173,1
ACR39172,1
ACN90958,1
ABR22244,1
AEH42742,1
ACH69619,1
ADH83348,1
ADH83346,1
ADH83350,1
ADG59040,1
ADV19286,1
ACU46673,1
ACU46725,1
ACU46678,1
ACY06435,1
AEK86001,1
ABY16766,1
ABY16767,1
ABY16768,1
ACY06440,1
AEK86016,1
AEF12333,1
ACY06442,1
AEK86010,1
ACY06430,1
ACY06443,1
ACY06444,1
AFN66952,1
ADK65113,1
ADW01464,1
ACQ77604,1
ACA42434,1
ACH69651,1
ADO21049,1
ADV69024,1
ABR87894,1
ACF17145,1
ABQ51939,1
ADO21016,1
ADO21027,1
ADO21038,1
ABV31948,1
ABV31968,1
ABV31967,1
ABJ15722,1
ACF17150,1
ACR39167,1
ACR39166,1
ADH43286,1
ADU02119,1
ABY16765,1
ADK89128,1
ABS00314,1
AGI55677,1
AFH77154,1
BAH02151,1
ADY71067,1
ACR83980,1
ACR83992,1
ADY71137,1
AAA52270,1
AAA43670,1
ADY70667,1
ADY71224,1
ADG08221,1
ADG08232,1
ADY71613,1
ACR83987,1
ADY71428,1
ADY71450,1
ADY71505,1
ADY71158,1
ADY71255,1
ADY71624,1
ADY71516,1
ADY70707,1
ADZ04718,1
ADG08441,1
AEK86015,1
ADY71097,1
ADG08351,1
ADZ04738,1
ADG08452,1
ADY71690,1
ADY71701,1
ADY71712,1
ADG08463,1
ADY69884,1
ADY71723,1
ADY69895,1
ADY69905,1
ADY71373,1
ADY69916,1
ADG08507,1
ACR83988,1
ADY70556,1
ADG08529,1
ADY70026,1
ADY71406,1
ADY71767,1
ADY71461,1
ADY71297,1
ADY71472,1
ADY71549,1
ADY70081,1
ADY70114,1
ADY70125,1
ADY69862,1
ACR83985,1
ADZ04828,1
ADZ04838,1
ADY70213,1
AAA43668,1
ADY71570,1
ADY70235,1
ADY70857,1
ADY70246,1
ADY70867,1
ADY71180,1
ADY70257,1
ADY70301,1
ADY71581,1
ADY71439,1
ADY71635,1
ADY70877,1
ADY71527,1
ADY70887,1
ADY71417,1
ADY71117,1
ACR83984,1
ADY70937,1
ADY70947,1
ACR83981,1
ADY70987,1
ADY71007,1
ACR83979,1
ADY71027,1
ADY70483,1
ACR83990,1
ADY71017,1
ADG08254,1
ADY71351,1
ACR83986,1
ADY71538,1
ADY71169,1
ADY71087,1
ADY71047,1
ADY70917,1
ADY71276,1
ADY71057,1
ACR83982,1
ADG08474,1
ADY71395,1
ADY71286,1
ADY71266,1
ADY71308,1
ADY71483,1
ADG08199,1
ACR83978,1
ADY70997,1
ADY70897,1
ADY71340,1
ADY71602,1
AFV33927,1
AEH42753,1
AFN06480,1
AEH42764,1
AEH42775,1
AEH42786,1
ADX96237,1
AEH42797,1
ADV69025,1
ACN72631,1
ACN72622,1
ACM17277,1
ACM17255,1
ABA27441,1
AFR76551,1
AEO91671,1
AEO91649,1
AEO91991,1
ABR28607,1
AFH41250,1
AEZ01173,1
AFD32683,1
AEZ01174,1
AFD32661,1
AFL56903,1
AFL56916,1
AFK73202,1
AGB84949,1
AEZ01175,1
AGB84953,1
AFM47212,1
AFV71358,1
AFP99322,1
AFO38523,1
AFN66945,1
AGG53689,1
AGG53696,1
AEO91837,1
AEO91750,1
AGF37659,1
AEY75601,1
AFL56895,1
AEZ02130,1
AGF37756,1
AGF37725,1
AGG53631,1
AGG53703,1
AEO91614,1
ABQ45462,1
ABS49925,1
ABY81430,1
ABS50115,1
AAA43453,1
AGG53644,1
AAA52258,1
AAA43676,1
ABX58650,1
ABW71525,1
ABR29609,1
ABS50125,1
AGI65087,1
ABR15823,1
AFD32629,1
AFI73462,1
AFM84227,1
AFI73448,1
AFH41242,1
AFM84240,1
AFL56861,1
AFK73195,1
AFK73222,1
AFK73229,1
AFM84247,1
AFD32596,1
AFN66919,1
AFN69223,1
AGI55634,1
AGG53610,1
ACY67013,1
ACY67016,1
ACY67015,1
ACY67014,1
ACY67012,1
ACY67011,1
ACY67008,1
ACY67007,1
ACY67005,1
ACU12611,1
ADR01747,1
AEN94865,1
AAA52265,1
AAA43679,1
AFR76657,1
AFR76668,1
AFR76679,1
AFR76686,1
AFR76697,1
ADU85876,1
ADT79141,1
AFR76708,1
ADU85880,1
AAA52264,1
CAC85229,1
AEO13439,1
AEN68610,1
AFR76718,1
AFR76729,1
ADU85875,1
AAA52263,1
AEN68597,1
ADU85877,1
ADT79151,1
ADK48781,1
ADT79162,1
ADU85879,1
ABV29594,1
ABS49947,1
ADU85881,1
AFR76747,1
ADU85882,1
AAA52271,1
AAA52257,1
AEX63618,1
AEC46373,1
AEC46383,1
AEQ61456,1
AEQ61366,1
AEQ61356,1
AEQ61346,1
AEQ61336,1
AEQ61326,1
AEQ61316,1
AEQ61306,1
AEQ61296,1
AEQ61446,1
AEQ61436,1
AEQ61416,1
AEQ61426,1
AEQ61406,1
AEQ61396,1
AEQ61386,1
AEQ61376,1
ACA25354,1
ACA25364,1
ACZ53968,1
ACZ53979,1
ACZ53957,1
ADV02480,1
ADM35895,1
ACV42085,1
ABR29579,1
ACU68858,1
AEO91600,1
AFR75837,1
AFR75848,1
ACJ53885,1
ACJ53886,1
ACE78007,1
ACE78019,1
ACE78018,1
ACE78020,1
ACE78022,1
ACE78009,1
ACE78010,1
ACE78011,1
ABY81789,1
ABI54394,1
ABG34256,1
AAV68025,1
ABG34249,1
AEI30089,1
AEI30088,1
AEI30087,1
BAG49743,1
ADK26598,1
AFR76757,1
AEA29271,1
ABA27433,1
ADF83512,1
AAA52260,1
AFQ34697,1
AFQ34708,1
AFQ34719,1
AFQ34730,1
AFQ34752,1
AGF37705,1
AFP99368,1
AGF37764,1
AGC96223,1
AEO91682,1
AEO91870,1
AEO91881,1
AEO91914,1
AEO91660,1
AEO91625,1
AEO91805,1
AEO91739,1
AEO91859,1
AEO91903,1
AEO91717,1
ACL79905,1
ACJ03979,1
AEN94821,1
ADY80088,1
ABU80192,1
AEN94854,1
ADZ05661,1
ABR28640,1
ADZ05664,1
ADZ05666,1
ADZ05668,1
ADZ05662,1
ADZ05665,1
ADZ96086,1
AFU92366,1
AEZ02141,1
AEZ02285,1
AFK73243,1
AGC96244,1
AFH53715,1
AGG53596,1
AFX69043,1
AGG53637,1
AFX68935,1
AEO91816,1
AEO91636,1
ADM18081,1
ABY40429,1
ABY40441,1
BAH02121,1
AEO91695,1
AAA51481,1
AAA43456,1
BAH02161,1
BAK23280,1
ACF94710,1
AEO91783,1
ADM18080,1
AEN94887,1
ABQ41899,1
ADY80056,1
ADY80120,1
AFC18008,1
AEN94877,1
AEN94832,1
AFI73476,1
AEZ02123,1
AEZ02180,1
AEZ02264,1
AEZ02275,1
ACS92896,1
AGC96212,1
AFR76572,1
AFR76583,1
AAK69308,1
AGB98561,1
AGB98913,1
AGB98990,1
AGB99100,1
AGB99606,1
AGB99810,1
AGC00374,1
AFR61052,1
AGG12621,1
AFR78020,1
AFR78064,1
AAA52255,1
AFS50206,1
AFO83316,1
BAK23279,1
BAJ14118,1
ACV42074,1
ACV42096,1
ACV42140,1
ACV42184,1
ACV42107,1
ACV42030,1
ACV42294,1
ACV42063,1
AAG01753,1
AAG17432,1
ABB86945,1
AAA52266,1
ABB86935,1
ABB86925,1
ABB86915,1
ABB86905,1
ABB86895,1
ABB86875,1
ADX60674,1
ADU85660,1
ADU85661,1
ADU85662,1
ADU85663,1
AAV36516,1
AFR76768,1
AEA29260,1
AEA29261,1
ADV58870,1
ADV58871,1
AEA29262,1
ADV58872,1
ADV58873,1
ADV58874,1
AEA29264,1
AEA29258,1
AEA29259,1
ADV58867,1
ADV58869,1
AEN68515,1
AEN68525,1
AAL26993,1
AAL26994,1
BAI83398,1
BAI83397,1
BAH02031,1
BAH02041,1
BAH02131,1
BAH02141,1
BAK23281,1
BAH02181,1
BAK23282,1
BAL70413,1
BAL70445,1
BAL70455,1
BAL70427,1
BAH02091,1
AFR76774,1
AFU92412,1
AFV77704,1
AFV77719,1
AFU92392,1
ACY06432,1
ADD21458,1
ADD21448,1
ACK57755,1
AAT72507,1
ACY06433,1
ABV55861,1
ACY06434,1
ABJ52556,1
ABI96717,1
ACA42424,1
ACA25341,1
ACI48765,1
ACN50265,1
AGI55678,1
AAO15349,1
ADU85816,1
ABD62837,1
ABD62798,1
AFR76784,1
ABO44039,1
ABD78108,1
ABE12638,1
ABE27157,1
ABE27168,1
AFR76795,1
CCG47909,1
ACU82396,1
ADJ80235,1
ACN90988,1
ADK98484,1
ABQ45537,1
AAA43455,1
ABX58661,1
AGC96202,1
ACV42118,1
ACV42041,1
ACV42052,1
AEK70343,1
AFO83031,1
ADG27495,1
AFM73092,1
ADG01939,1
ACL11953,1
ABS00325,1
ADU02109,1
BAI83389,1
ACV52105,1
BAH02111,1
AAA52261,1
AAA52262,1
ACD85158,1
AAA73109,1
ABV82588,1
ABR28706,1
AAF73878,1
AAA73110,1
ABV82599,1
AAF73885,1
ACK99414,1
ABR28739,1
AFH88139,1
ADK98495,1
BAM78393,1
AFN06491,1
AAZ79397,1
ACJ06676,1
CAN89845,1
AAC63425,1
ACX53684,2
AFH41217,2
ADN34708,2
AGG12513,2
AAU00815,2
ADU20365,2
ACA25320,2
AGG82971,2
AGG83080,2
AGG83092,2
AGG83104,2
AGG83264,2
AGG83925,2
AGG81803,2
AGG81826,2
AFY07137,2
AFY05979,2
AFY06518,2
AFY05945,2
AFY07060,2
AFY05968,2
AFY07093,2
AFY05690,2
AFY07071,2
ACV41519,2
AEK65843,2
AGE83765,2
AGE83592,2
AGG82547,2
AFY06144,2
AGG83733,2
AFY06076,2
ACX55503,2
ADP07101,2
AEM75457,2
ADU20299,2
ADP07200,2
AFM09699,2
AFM09644,2
AFM09578,2
ADP06998,2
ADP07442,2
ADP07464,2
ADP07574,2
ADP07909,2
ADU33167,2
AGE00617,2
AGE00782,2
AGE00815,2
AEM75188,2
ACQ82902,2
AGG24181,2
AGE08150,2
AGE08091,2
AGE00520,2
AEM75446,2
ADU20321,2
ADU17663,2
AGE00683,2
ADR00690,2
ACY80302,2
ACY80300,2
AGE08628,2
AFK75280,2
AEK49594,2
AEK50676,2
AEK50434,2
AEK50445,2
AEK49626,2
AEK49648,2
AEK49659,2
ACE81715,2
ACE76604,2
AEK50500,2
ADU16942,2
ACV90997,2
ACV90987,2
AAA43129,2
ADN34739,2
ADJ17333,2
AAF87500,2
ABU62914,2
ABE68934,2
ABP49199,2
ADP07134,2
ACY80310,2
ACZ46583,2
BAA35109,2
AAC14420,2
ACZ46595,2
AAO52971,2
AAO52978,2
AAO52960,2
AAD49013,2
AAF02397,2
AAF70405,2
ADD97085,2
AAP04508,2
BAN15758,2
ABU62918,2
AAT39107,2
AAT70643,2
AAY68365,2
ABC87320,2
ABC88585,2
ABC88575,2
ACA28794,2
ABJ53541,2
AAM49560,2
ACZ36716,2
AAF87502,2
AAF87498,2
AAF87499,2
AAF02401,2
AAF02402,2
ABU62916,2
ABU62919,2
ABU62915,2
AAP49072,2
ACT83226,2
ACU15375,2
ACR58743,2
AAT70641,2
AAF02403,2
ACC63333,2
ACJ09910,2
ACD56394,2
ACF22599,2
ACF76249,2
CAI29280,2
BAN15779,2
BAN15800,2
ABW97461,2
AEQ33503,2
ABQ57379,2
AEF10494,2
AEJ90164,2
AET21451,2
ACA28792,2
ACV86844,2
AFQ90361,2
AFQ90504,2
AFQ90383,2
AFQ90427,2
AEF28851,2
ADF29679,2
ACI22249,2
AEK65680,2
ACJ14962,2
ACJ15083,2
ACJ14885,2
ACY80305,2
ACT83194,2
CAQ63511,2
AFJ12963,2
AFJ12385,2
CAP45690,2
ACA28793,2
AAO52964,2
AAT70644,2
AAO52965,2
ADX99786,2
AAF87508,2
CAD20324,2
AEN74797,2
AEA29088,2
AEQ54721,2
ACV90517,2
ACO95650,2
ACY80332,2
AEO52554,2
ACJ68667,2
ACJ68678,2
AEO52550,2
AEO52548,2
ADU17561,2
ADU17550,2
ADU17539,2
ADU17529,2
ADU17507,2
ADU17496,2
AFJ12644,2
ACV90917,2
ABS70422,2
ACY80282,2
ACR09548,2
ACY80329,2
ACY80330,2
AER09771,2
AFZ15773,2
AFU10306,2
ACV86814,2
BAE48322,2
ADG59242,2
ADG59541,2
ADG59273,2
ACR59525,2
ACT75687,2
ABV31876,2
ABV31903,2
ABV31925,2
ABB20391,2
ABO51899,2
AFJ13095,2
ABP49254,2
ACV86824,2
ACV86834,2
AFP21051,2
ACY06617,2
AGG81912,2
ADQ20628,2
ADQ26644,2
CAP45870,2
ABI33784,2
ACZ46616,2
ACZ46618,2
ACZ46617,2
ACZ46614,2
ACK43331,2
ACI41082,2
ACI41104,2
ABB87649,2
ABB87660,2
ABB87510,2
ABB18480,2
ABB18989,2
ABB87971,2
ABB19621,2
AGG28613,2
ABB87576,2
ADK71138,2
ADK71149,2
AEM00997,2
AEM01052,2
AEM01074,2
AEM01008,2
AGE08069,2
AGE08036,2
AGE08047,2
ACF25472,2
ADH96308,2
ADT79307,2
ADT79317,2
ADT79402,2
ADH95750,2
ADH95849,2
ADH95871,2
ADT79627,2
AGE08264,2
AGE08593,2
AGG82257,2
AGG81690,2
AFP21381,2
AGG81647,2
AGG82413,2
AGG82425,2
ABO52174,2
ABO52515,2
ADW80430,2
AEB39724,2
AEK66038,2
ACZ46768,2
ABO51877,2
AGG81702,2
AFP21359,2
ADH96363,2
ADH96374,2
ADT79271,2
ADT79539,2
ADT79278,2
ADT79572,2
AGE15509,2
AFM09501,2
ACE73606,2
AAA43486,2
AGE09258,2
ADP95440,2
AGE02629,2
AGE02640,2
AGG28505,2
AEK65284,2
ABO44204,2
ABO52724,2
BAM62170,2
ACZ46568,2
ACN39489,2
ADG59261,2
AFP36176,2
ADB93838,2
ACZ81513,2
ACI87709,2
AEM97785,2
ACH68503,2
ACN29489,2
AEO00209,2
AEF29983,2
ABI85070,2
ACZ36704,2
ACX94284,2
ABV83135,2
CAM59165,2
ABX38818,2
ABW97472,2
ACF25726,2
AAM69989,2
AAM69979,2
AAO33539,2
AAM69969,2
ADM95352,2
AEN68817,2
AEN68815,2
AEN68811,2
AEN68809,2
ABE27339,2
ACZ46662,2
ACL79987,2
AAQ77444,2
ABI85032,2
AAQ77445,2
AAY56368,2
AEE73585,2
ABF56624,2
ABF56633,2
ABF56642,2
ABB90234,2
AFJ12633,2
ABE97748,2
ACX61642,2
ABM21892,2
ACR49169,2
ACR49175,2
ACR49176,2
ACR49160,2
AEF59287,2
AEF59290,2
AEF59291,2
ADL57406,2
ACR58655,2
ADL57396,2
BAJ07749,2
BAJ07748,2
BAJ07747,2
CBW54827,2
CBW54829,2
AFO83087,2
AFW18406,2
ACZ46666,2
ADP69274,2
ACF25791,2
ACF25070,2
ADA69350,2
ADG59247,2
AAY52605,2
AET10150,2
ADG59252,2
AAA43470,2
ABI84538,2
CAQ65121,2
AFW18329,2
AFW18384,2
AFW17426,2
ACL80019,2
AAY52606,2
AAW59391,2
AAY52607,2
AAY52608,2
AAY52609,2
AAY52610,2
AAY52611,2
AFJ19052,2
AFC98348,2
AET10160,2
AET10170,2
AAY52613,2
ABD14814,2
ABV31847,2
ABU63961,2
ABV31877,2
ABV31861,2
ADL62702,2
ACZ46665,2
ABL08509,2
ADG59283,2
AFQ90460,2
AFQ90493,2
AAU00822,2
ABX10499,2
ABX10494,2
ABC74405,2
ABX10506,2
ABC74404,2
ADG59241,2
ACR56148,2
ACH68501,2
ACR56150,2
ACH68508,2
ACR56151,2
AAY52617,2
AEB71257,2
ACN39490,2
AAY52618,2
AAY52619,2
AAY52620,2
ADG59260,2
ACH68504,2
ACJ68812,2
ACJ68813,2
AAF02404,2
ACL79979,2
BAM74055,2
ABB20298,2
AAF02400,2
AAO52963,2
BAJ18038,2
BAJ18046,2
AAO52961,2
AAU11205,2
AAU11204,2
AAU11209,2
AAU11211,2
AAU11214,2
AFR53949,2
AEO92423,2
ACD88741,2
ACN39498,2
ACN39500,2
AAV48549,2
ABY50574,2
ABI94743,2
ABI94765,2
ABI96743,2
ABI96752,2
ABI96758,2
ABI98904,2
ADG59279,2
ACN39494,2
ACZ05878,2
ACN39501,2
ADG59248,2
ACZ05876,2
BAF37963,2
AFK10224,2
AFK10235,2
AFK10246,2
AGH55492,2
ACZ46638,2
ACZ36709,2
ABI36024,2
BAI53539,2
AEV76867,2
AEV76868,2
AEV76869,2
AEV76870,2
AEV76871,2
AEV76872,2
ACJ68766,2
ACR24415,2
AEZ67251,2
ACJ68634,2
AEZ67240,2
AEZ67229,2
ABS50722,2
ABS50723,2
ABS50725,2
ACJ68777,2
ABS50706,2
ABS50728,2
ACR24417,2
ACR24418,2
ABS50729,2
ABS50730,2
ABS50707,2
ACJ68656,2
ACR24420,2
ACJ68700,2
ACJ68711,2
ACR24416,2
ABS50709,2
ACR24423,2
ACR24424,2
ACJ68733,2
ABS50713,2
ABS50714,2
ABS50716,2
ACR24425,2
ACR24426,2
ABS50718,2
ACJ68755,2
ACR24428,2
CAE48277,2
AEK65918,2
ABS89336,2
ABI85159,2
ABO77082,2
AEK65929,2
ABQ84551,2
ACL79950,2
ACZ46678,2
ACZ46674,2
AAY52622,2
ADG59258,2
ACI89434,2
ACI89440,2
ACH68505,2
ACG58414,2
AET10132,2
ABI96779,2
ADG59543,2
AAY52621,2
ABI98921,2
ABI98931,2
ABI97325,2
ABI97337,2
ABJ52569,2
ABJ52576,2
ABJ80587,2
ABK00090,2
ABK00106,2
BAM62161,2
ADI34036,2
BAF46448,2
BAG80817,2
AFM47142,2
ACY06660,2
ABW73789,2
ACT97023,2
AER09485,2
AER39793,2
ACD37765,2
ACD37775,2
AER09705,2
ACT97025,2
ACT97026,2
AAV97619,2
ABE97733,2
ACA21567,2
ACR49486,2
ACR49497,2
ACR49530,2
ACR49442,2
ACH88905,2
ADG59284,2
ADG59274,2
ACL79925,2
ADQ27984,2
ABE97724,2
ACZ46664,2
ACL79960,2
ACZ36733,2
ACZ36730,2
BAM62228,2
BAM62292,2
BAM62181,2
ACZ46675,2
AAS18236,2
ADI34032,2
ABW94091,2
ACF25504,2
ACZ46722,2
ACF25568,2
ABU62909,2
ACK43338,2
ACF25041,2
ABU62907,2
ACF25115,2
ABB20200,2
ABB90218,2
ABI84460,2
ADB92074,2
ADB93839,2
AFR11205,2
ABV83134,2
ACZ46567,2
AFJ12831,2
ACZ46573,2
ACF24924,2
ACZ46572,2
AFJ12765,2
ACF24929,2
ACS68396,2
AFJ12798,2
ABR37433,2
ACC63322,2
ACI22238,2
ADQ27970,2
ACF24943,2
ACF76183,2
ABI84831,2
ACA04501,2
ABR37587,2
ACF76260,2
ABW94101,2
AEK65347,2
ACC61891,2
ABI84870,2
AFJ12677,2
AEK65424,2
ACD56526,2
AFJ12721,2
ABU62912,2
ACF76392,2
AEK65512,2
ABU62910,2
AEK65523,2
ABJ16888,2
ABJ16855,2
ABV53552,2
ABV53572,2
ABV53482,2
ABV53582,2
ABV53512,2
ACD35896,2
ABI95331,2
CAM59170,2
CAQ58542,2
CAM59171,2
CAQ58538,2
CAM59168,2
CAQ58535,2
ADG59265,2
AAY52625,2
ADX99450,2
BAM62200,2
BAF46428,2
BAF46458,2
BAF46468,2
ACF25103,2
ACF24948,2
ABW94133,2
ACF25091,2
ACF25748,2
ACD88674,2
ACZ46696,2
ACZ46697,2
CAC19696,2
ADM31440,2
ACP50643,2
ACP50621,2
ACP50709,2
ACP50676,2
ACP50687,2
AAA43489,2
ABI85099,2
ACF25053,2
AFJ12666,2
BAG80824,2
ACL79969,2
AAF02406,2
BAM74054,2
CBW54824,2
CBW54825,2
AFW18296,2
ABR37411,2
ACZ46719,2
ACF25109,2
ACX61663,2
AAA43116,2
AAB59744,2
AAA64422,2
AAA64423,2
AAA64424,2
ABY89678,2
ACA25330,2
AFK66786,2
AEM97765,2
ABI85110,2
AGI41231,2
AEB71259,2
AEB71246,2
AEB71249,2
AFI73332,2
AAY52626,2
AAY52627,2
ADG59276,2
ADG59268,2
ADG59259,2
ACH68502,2
ABZ04078,2
ABZ04079,2
ACH68506,2
AEB71250,2
AEB71253,2
AEB71254,2
AEB71258,2
AEB71255,2
AAY52628,2
ACD88562,2
ACD88632,2
ACD88542,2
AGC74237,2
AGC74238,2
AGC74239,2
ABV48498,2
ACA47792,2
ADG59267,2
ABK34765,2
AEX30612,2
AAY52604,2
AAY52629,2
ADG59238,2
AEX40626,2
ACR49180,2
ABI95342,2
ACN37900,2
BAG80820,2
ABO76666,2
ACZ46677,2
ABD35688,2
ABD35695,2
ABD35700,2
ABD35689,2
ABD35682,2
ABD35696,2
ABD35686,2
ABD35690,2
ABD35692,2
ABD35669,2
ABD35693,2
ABD35679,2
BAH79559,2
ABD35680,2
ABD35681,2
ABD35674,2
ABR31774,2
ABR31785,2
AAG09040,2
ABD35701,2
ABD35687,2
BAH79569,2
AGI55755,2
ABD35667,2
ABD35668,2
ABD35685,2
ABD35676,2
ABD35697,2
ABD35670,2
ABD35671,2
AAX47284,2
AAX47285,2
ACF36777,2
ACD13297,2
ACE73593,2
ABC69233,2
ABQ41365,2
ACH68507,2
ADG59282,2
AFR77958,2
ADZ45207,2
ADZ45218,2
ABO76672,2
ADI79233,2
ADI79242,2
AFA43945,2
ACZ46676,2
ABV01127,2
ABS89369,2
ABJ51743,2
ABJ51688,2
ABJ53587,2
AAZ72753,2
ACG58608,2
AEK65129,2
AAW80721,2
BAK18417,2
ACJ15050,2
ACJ15210,2
ACJ09833,2
AAP29980,2
ACY06562,2
ADB93840,2
ADC29448,2
AEX40637,2
ACY06560,2
ACZ81594,2
ADO65941,2
ACY06566,2
ACY06565,2
ACY06564,2
ACY06561,2
AEX40681,2
ACR49157,2
ADG59243,2
ADG59249,2
ADG59271,2
ADG59280,2
BAF46488,2
BAF46528,2
BAF46478,2
BAF46438,2
ABB17026,2
ACL12393,2
ACL11945,2
ACJ68811,2
ABA55723,2
ACC61880,2
CAC84250,2
BAJ18118,2
BAJ18102,2
ABF69260,2
AGE09357,2
ADP13358,2
ABG36721,2
AFC60803,2
ADQ20538,2
AGE02656,2
CCH50639,2
CCH50672,2
AER09518,2
ADP06898,2
ADP07112,2
ADP07123,2
AEM53448,2
ACR58754,2
ADE75043,2
ABB19589,2
ABD91842,2
CAD20330,2
ABI33789,2
ABJ16833,2
ABO38267,2
ACC66077,2
AGH30422,2
ABZ91693,2
ABZ91681,2
AAW78285,2
ACZ46635,2
ACR66908,2
ACZ36721,2
ADG59262,2
ADG59251,2
ABB88134,2
AAA52244,2
AAA52243,2
ACC69047,2
ADM95366,2
ADM95362,2
ADM95358,2
AFQ90416,2
ABI84581,2
ABJ16932,2
ACV41552,2
AAA43483,2
ACT76052,2
AEF59301,2
ADD10559,2
AEF59302,2
AEV40280,2
AEF59304,2
AEF59293,2
AEF59307,2
AEF59308,2
AEF59309,2
AEF59311,2
AEF59312,2
AEF59313,2
AEF59314,2
AEF59315,2
AEF59317,2
AEF59318,2
AEF59326,2
AEF59320,2
AEF59321,2
ACU16732,2
BAJ07742,2
BAJ07743,2
AAA52241,2
AGB50953,2
ADA69343,2
ADA69367,2
ADA69386,2
ADA69419,2
ADA69430,2
AAT12085,2
AFF26005,2
AFF26016,2
ADG43857,2
ADG44001,2
ADG43856,2
AAT12086,2
AFF26302,2
AAT12087,2
AFF26313,2
AAT12088,2
AFF26324,2
ADG43867,2
AFF27470,2
ADG43866,2
AFF26357,2
AFF27383,2
AFF25928,2
AFF26280,2
ADG43864,2
AFF26368,2
ADG43863,2
AFF27112,2
AFF27169,2
AFF27193,2
ADG43860,2
AFF26412,2
AFF26291,2
ADG43869,2
AFF27396,2
AFF27230,2
ADG43859,2
AFF27134,2
AFF26445,2
AFF26467,2
ADG43858,2
AFF27359,2
AFF25994,2
ADP05199,2
AEF29013,2
AEF28861,2
ABI84591,2
AAT12089,2
ACF94714,2
AAT12090,2
AFK13869,2
AAT12091,2
AAW59409,2
AAT12092,2
ADG59254,2
AFJ19057,2
AFN66844,2
AAT12094,2
ABW95939,2
AFF25543,2
ABD14815,2
ADG43877,2
ABC66726,2
AAT12095,2
AFF26071,2
ABC66729,2
AFF25576,2
AAT12096,2
AFF25587,2
AAT12097,2
ABV31875,2
AAT12098,2
ADG43993,2
ABC66718,2
AFO83402,2
AFO83401,2
ABJ09468,2
AFF26082,2
AFF25609,2
AFF25620,2
AFF26115,2
AFF26137,2
ABB20258,2
AAU93405,2
AEV40278,2
ACN39491,2
ACN39492,2
BAF56168,2
BAJ76649,2
BAF56434,2
BAE96034,2
BAK53502,2
ABB20328,2
ABB20276,2
AAP49078,2
CAC84252,2
ABQ84538,2
ABB20233,2
ABB20266,2
CAC84253,2
ABQ84540,2
ABB20337,2
AAA43097,2
ABB88260,2
ACD12173,2
ACD12184,2
ABB20317,2
AAP49080,2
AAF87501,2
AAD49016,2
ABB20287,2
AFV33916,2
AFD62853,2
ACD88731,2
AFD62864,2
ACN39499,2
AFD62897,2
ACF16401,2
ABI94749,2
ABJ98936,2
ADG59269,2
ADG44015,2
ACN39495,2
ACN39496,2
ACN39502,2
ACN39503,2
ADG44013,2
ACA47902,2
ADG43997,2
ADG43926,2
ADG59253,2
ADG59255,2
ADN78262,2
ACZ05875,2
AEX91671,2
ADU17030,2
ADU17052,2
ACJ14460,2
ACJ14471,2
ACC61825,2
ABS89314,2
ABQ84562,2
ABQ84544,2
AGB84772,2
AGB84855,2
AGB84844,2
AFR42687,2
ABY26134,2
AFF26159,2
AFF25664,2
AFF26181,2
ADG59266,2
ADK26585,2
ABD35698,2
ACU87138,2
ACU87129,2
AEK84674,2
ACU87130,2
AEK84673,2
AEK84683,2
ACU87136,2
ACU87131,2
AEK84675,2
AEK84682,2
AER09584,2
AFQ60355,2
AAV97620,2
ACT97027,2
AEK84677,2
AER39813,2
AEK84676,2
AER09507,2
AAW78295,2
ACG80357,2
ACG80359,2
AAW78291,2
ABD92956,2
ACF33765,2
ACZ36745,2
AEN94634,2
AEN94642,2
AEN94651,2
AEN94670,2
AEN94604,2
AEN94703,2
AEN94810,2
ACR49398,2
ACR49420,2
ACH88872,2
ACH88883,2
ACR49365,2
ACR49464,2
ACR49387,2
AEY75591,2
AEN95124,2
ABY81634,2
AAA52234,2
ABI84560,2
ABB21807,2
ABI84611,2
BAF02910,2
BAH03373,2
AAO65613,2
ABS70442,2
ABS70431,2
ABB20431,2
ABB20448,2
ABB20212,2
ABB88251,2
ABB88177,2
ABB20195,2
ABG27057,2
AAY52623,2
AAY52624,2
ADO17656,2
ACZ46569,2
AFJ12622,2
ABI84842,2
ACZ46575,2
ACR09614,2
ACR09537,2
ACY80287,2
ACS68376,2
ACV90537,2
AEK65618,2
ABB20438,2
AAA43481,2
ABB20454,2
ABV53562,2
ABB17277,2
ACV90557,2
ACF25715,2
ABE97740,2
AAA52236,2
BAF40416,2
ACV90707,2
ACV90697,2
ACY80346,2
ABB20476,2
ABB88352,2
AFJ12434,2
ADC97016,2
AAW72231,2
AAT12099,2
AAT12100,2
AFQ90546,2
AAT12101,2
AAT12102,2
AAT12103,2
AGI55575,2
AGI55576,2
AGI55574,2
AFF26986,2
AFF25818,2
ADG43982,2
AFF25708,2
ADG43980,2
AFF25774,2
AFF25785,2
ADG43977,2
ADG43986,2
ADG43919,2
AFF26203,2
ADG43908,2
ADG43880,2
ADG43879,2
AFF27068,2
ADG43918,2
AFF26258,2
ADG43998,2
ADG43878,2
ADG43973,2
ADG43930,2
ADG43929,2
ADG43928,2
ADG43972,2
AFF25741,2
ADG43916,2
AFF26269,2
ADG43911,2
AFF26214,2
ADG43927,2
ADG43968,2
AFF26773,2
ADG43965,2
ADG43964,2
ADG43963,2
ABC66753,2
ADG44010,2
AFF26225,2
ADG43904,2
ADG43891,2
ACA47539,2
ADG43958,2
AFF26874,2
ADG44007,2
ADG43923,2
AFF26918,2
AFF25796,2
AFF25697,2
ADG43991,2
ADG44003,2
ADG43907,2
ADG43920,2
AFF26953,2
BAF93499,2
AEH04385,2
BAF37822,2
AFE03188,2
ABD35666,2
ABD35677,2
ABD35694,2
AGH30613,2
AGI55731,2
AGI55710,2
AGH30590,2
AGH30644,2
ABD35675,2
ABD35699,2
ACF22434,2
ACN72647,2
ACE73613,2
ADZ45229,2
ACZ81503,2
ABB88372,2
AAA43484,2
AEA04434,2
ADF45438,2
ABY51507,2
ADR65098,2
ADT64863,2
ADT64878,2
AEK65273,2
ADF45449,2
AEK65204,2
ABX88825,2
AEI29181,2
ABJ51677,2
ACK43300,2
ACK43303,2
ACK43304,2
ACK43297,2
AAZ72756,2
ABD14813,2
BAM78716,2
BAN04614,2
BAK18450,2
BAK18428,2
BAK18439,2
BAM42776,2
BAN14680,2
BAN04656,2
ACJ14852,2
ACJ14984,2
ACJ15159,2
ACJ14907,2
ACJ14940,2
AEK65173,2
AEI29200,2
AEB66920,2
ABG27039,2
ABK32095,2
ACH85378,2
ACH85389,2
ACA48122,2
ACA47924,2
BAJ83302,2
BAJ83368,2
AEO08981,2
AEO08948,2
AFI73286,2
AEO52305,2
AAT12105,2
ABJ09500,2
AAA52242,2
ABW23590,2
ACF76831,2
AAV97618,2
AFP99798,2
AFM09479,2
AFM09446,2
AFM09424,2
AFM09380,2
ACF25632,2
ACG59931,2
ACF25085,2
AER09529,2
ACD84811,2
ACI62847,2
ACS89018,2
ACY78029,2
ACY78073,2
ACY78084,2
ACY78106,2
ADP07585,2
ADP06988,2
AEK49778,2
AGE03069,2
AGE08319,2
AGE08297,2
ACU15441,2
ABI95177,2
ADU20343,2
ABQ81818,2
AGB98385,2
AGB98396,2
AGB98187,2
AEV40281,2
AEF59325,2
ABJ09513,2
AAD51925,2
AAK60145,2
ADG59244,2
AFK13945,2
ABC66724,2
ABC66728,2
ABC66719,2
ABL08525,2
ABB88282,2
AAT39103,2
ACJ14482,2
ABG20479,2
ABI85051,2
ABB88394,2
ACF25493,2
ACF25526,2
ABL08450,2
ABL08529,2
ADG43948,2
ABD14812,2
ACH85411,2
ACH85466,2
ACH85521,2
BAJ83335,2
BAJ83379,2
ABB20355,2
AAA43482,2
ABB20365,2
ADD92028,2
ADM31428,2
ADG44989,2
AEM75661,2
ADQ74938,2
ACV90607,2
ACV90977,2
ABB87804,2
ABB87403,2
AFX84861,2
AEK49736,2
AEK52488,2
AEK49725,2
AGE09236,2
AEK49703,2
AEK50522,2
AGE09269,2
ACV41585,2
ADA82116,2
ADU16459,2
ACF33754,2
ACZ46424,2
ACS92941,2
ADT79594,2
AGG82911,2
AFP20931,2
AFP20932,2
AFP21128,2
AGG83007,2
AEK65767,2
ABO52647,2
ABM21953,2
ABO52449,2
ADW80408,2
ABP49243,2
ABG88216,2
ABL67224,2
ABP49276,2
ADA82149,2
BAJ18030,2
BAJ18086,2
ACF25557,2
AFJ12754,2
AFJ12655,2
AFJ12688,2
AFJ12743,2
ACS68406,2
ABI84769,2
AFJ12820,2
ABI84759,2
ACS68386,2
ACF24934,2
AAU11218,2
AAA43461,2
AFX85759,2
AAA43464,2
AAA43463,2
AFW90047,2
ABB20510,2
AAA52238,2
ACZ46587,2
AEB66909,2
AAA43460,2
AAA43472,2
ABB21765,2
AGB98374,2
ABB86515,2
AFX85159,2
AFX84266,2
AFX84982,2
AEB71108,2
ADQ20650,2
AET75076,2
ABB19475,2
ACF76827,2
BAM66242,2
BAM66250,2
AGG26952,2
ABB20113,2
AFJ13417,2
AFX85004,2
AFX84817,2
AET74762,2
AET74806,2
AFX85528,2
AFJ13439,2
AFX84740,2
ACM18018,2
ACR59580,2
ABB20089,2
ACZ46517,2
ABB17685,2
ACJ04575,2
ACI90137,2
AGG81900,2
ACZ54014,2
AET76370,2
AFM09251,2
AFU10273,2
AFX81872,2
AGE07959,2
AFX81879,2
ABO52086,2
ACJ26353,2
ABB19232,2
ABB18395,2
ABB87960,2
ABB87038,2
ABB19697,2
ABB87392,2
ABB88059,2
ABB87565,2
ABB87704,2
ABI84404,2
ABB88103,2
ABB87554,2
ABB17707,2
ABB19939,2
ABB87598,2
ABB87619,2
ABI84630,2
ADP95686,2
ABI84810,2
ABI84942,2
ABI84898,2
ABI84952,2
AFY06012,2
ABB87455,2
ABI92262,2
ADG86003,2
ADG86016,2
ADG86012,2
ADG86017,2
ADG85999,2
ADG86006,2
ADG86000,2
ADG86002,2
ADG86013,2
AET74694,2
AET74451,2
ACX55316,2
AET75409,2
AET78156,2
ABB20072,2
AFX88522,2
AET77914,2
AET77937,2
AFX84883,2
AGG28265,2
ABB19762,2
AGG28565,2
AET76606,2
ABB87943,2
AAT65358,2
AFX85037,2
AET77554,2
ABB87744,2
AET75065,2
AGG27060,2
AET75373,2
AFX84718,2
AET77006,2
AGG28277,2
AET76628,2
ABB18062,2
ADQ92694,2
AGG27096,2
AFX84850,2
AGG27473,2
ABB19458,2
AET77774,2
AFX84443,2
AFJ13307,2
AFX84454,2
AFX84040,2
AET78021,2
ABB19611,2
ABB17750,2
AET78032,2
AET74650,2
AFX84164,2
AFX84165,2
ABB19511,2
AET75971,2
AET78178,2
ABB87253,2
AET75421,2
AFX84476,2
AET78248,2
AGG26629,2
AFX88607,2
ABB87444,2
AFX85781,2
AET77453,2
AGG26642,2
AFJ13208,2
AGG27501,2
AET75043,2
AGG28457,2
ACY78040,2
ACV90817,2
ACY80309,2
ABG36720,2
ACI01679,2
ADN78172,2
ABG36722,2
AFJ12399,2
AEL89182,2
ACX55294,2
AEK49437,2
AEK49448,2
AEK49478,2
AEK50951,2
AEK50962,2
AFK75214,2
AFK75129,2
AFK75225,2
AGE09313,2
AGE08804,2
AGD99692,2
AGE08837,2
AGD99705,2
AGE09159,2
AFK75313,2
ADD25322,2
AEK50742,2
AEK50874,2
AEK49329,2
AEK49992,2
AEK50036,2
ACQ83296,2
AEK50080,2
AEK50091,2
AEK50135,2
AEK49371,2
AEK50157,2
AEK50102,2
ACV41563,2
ADA82105,2
AEB89855,2
AEB89877,2
ABP49232,2
ABB83593,2
ADA69397,2
AER70099,2
ACS89007,2
ABJ09537,2
ABW21678,2
ABW21668,2
ADU20354,2
AGD99809,2
AGE00545,2
AGE00793,2
AGD99743,2
AGE03508,2
AGE07915,2
AGE00606,2
AEM75469,2
AEM75151,2
AEM76025,2
AGB98242,2
AGB98330,2
AGG25411,2
AGG23648,2
ADU16011,2
ADU16602,2
ADV16321,2
ADU53204,2
ADU16580,2
ADR00681,2
ADU16964,2
ADR00916,2
ADU17463,2
ADU17293,2
ADU17337,2
AGG26178,2
AGG26431,2
AGG26432,2
AEK65999,2
ADG43849,2
ADG44012,2
ADG43909,2
ADG43994,2
AER09405,2
AEK84684,2
ACN39313,2
ACP43595,2
AFL56751,2
ACG59866,2
ACI41071,2
ACF33666,2
ACF33710,2
ACF25209,2
ACK43354,2
ACF24999,2
ACF33656,2
ACI41051,2
ACF25187,2
ABQ12377,2
ABG88890,2
ACF25154,2
ABO52614,2
AEK66030,2
ABS70330,2
ABS70341,2
ABO51976,2
ACZ46752,2
ACZ46753,2
ABO76983,2
ACZ46737,2
ACZ46755,2
ACM66712,2
ACI41015,2
ACY80381,2
ACM66822,2
ACY80382,2
ACY80384,2
ACS68257,2
ACD85147,2
ABS70351,2
ABS70393,2
ACI41004,2
ACI40993,2
ABO51965,2
ACZ46760,2
ABS89402,2
ABO76961,2
ADW80441,2
AEB39735,2
ABO52009,2
ABS70299,2
AGC72998,2
ACV90927,2
ACF25252,2
ACZ46484,2
ACZ46480,2
ACZ46485,2
ACZ46514,2
ACZ46510,2
ACZ46491,2
ACZ46486,2
ACK43396,2
ACZ46515,2
ACZ46487,2
ACZ46473,2
ACS68460,2
ACF24992,2
ACZ46482,2
ACZ46513,2
ACK43378,2
ACZ46428,2
ACZ46407,2
ACZ46512,2
ADH96099,2
ADH96209,2
ADT79419,2
ADV16341,2
ADT79649,2
AGE03091,2
AGE03080,2
AGE08187,2
AEM76565,2
AGE08341,2
AGE08353,2
AGE08575,2
AEM00342,2
ACZ46608,2
ADE75112,2
AFM83226,2
ADE75083,2
AFM82607,2
ACR58600,2
ADQ20597,2
ACU15252,2
ADQ20527,2
AFM83204,2
ADI88872,2
ACR58589,2
ACR58567,2
ACR59558,2
ADQ20588,2
ADQ20683,2
ADQ20569,2
AFY06309,2
AFY07126,2
AFY07016,2
ABI84788,2
BAA00034,2
AFJ12534,2
ADR66438,2
ADF45460,2
ADR66431,2
ADR66417,2
ADR66424,2
ACV41596,2
ADR65370,2
ADR65110,2
ADR65376,2
ADR65383,2
ADR66044,2
ADR66051,2
ADR66205,2
ADR66411,2
ACZ46429,2
CCH50650,2
AFY06120,2
ABL75589,2
AGC70831,2
AGC70819,2
AGC73053,2
AGC73454,2
AGC73185,2
AGC73465,2
AGC73477,2
AGC73924,2
AGC73130,2
AGC70859,2
AGC70860,2
AGC73086,2
AGC70909,2
ADA82182,2
AEM76499,2
ABI92251,2
ABG88205,2
ABO52504,2
ABO64347,2
ABP49535,2
ABO52460,2
AEM75413,2
AAY98883,2
ABG88227,2
ABL67026,2
ABI95210,2
ABL67037,2
ABI92196,2
ABO52394,2
ABL67246,2
ABP49210,2
ABK80018,2
ACV90897,2
ABO51833,2
ABG88260,2
ABO52141,2
ABO51888,2
ADW80309,2
ABO51866,2
ABP49573,2
ABO51921,2
ABO51844,2
AEM53409,2
ACZ46757,2
ABP04024,2
ABI97491,2
ABL67147,2
AEK70457,2
AEK70465,2
AEK70487,2
AEK65745,2
AEA92620,2
ADK92727,2
ADK70145,2
AFJ13219,2
AAY87424,2
ADK61181,2
AFJ12567,2
AFP21415,2
ACX55426,2
ACX55481,2
ACX55492,2
ACX55536,2
ACX55525,2
AEL89190,2
AFJ12853,2
ABU53960,2
AFJ12424,2
AFJ12886,2
AFJ12864,2
ACN65656,2
AFM83116,2
ADE75072,2
AFM82774,2
AFM82785,2
AFM82796,2
AFM82818,2
ADE75193,2
ADE75167,2
ACR58699,2
ADE75184,2
AFM83127,2
ADE75204,2
ADE75215,2
AFM83005,2
AFM82840,2
ADE75241,2
ADE75284,2
AFM83237,2
ADE75262,2
AFM83061,2
ADE75324,2
ADQ26633,2
AFM83094,2
AFM82752,2
ACN65679,2
ACN65668,2
ABI84727,2
ACF25047,2
ACV42644,2
ADP07651,2
ADP07706,2
ADP07755,2
ADP07060,2
ACV90627,2
ACV90637,2
ADU33156,2
ADU17628,2
AGE00661,2
AGE00672,2
AGE00993,2
AGE00848,2
AGE01004,2
AGE03113,2
AGE03126,2
AEM75684,2
AEM75706,2
AEM75254,2
ACZ46584,2
AEM75606,2
AEM75673,2
ACY80298,2
ABF48471,2
ACI40914,2
AEK84685,2
ABQ84565,2
ABQ84566,2
ACA04512,2
ADG28078,2
BAM36138,2
BAN14669,2
BAM85845,2
BAM36149,2
BAM36160,2
BAK39623,2
ACJ24955,2
ACZ36737,2
ADQ20661,2
ACF76823,2
AFM09229,2
AFM09218,2
AFM09207,2
AFM09131,2
AFM09120,2
ACU26340,2
ACX55338,2
AET77983,2
BAI77879,2
AEK49838,2
AEK50610,2
AEK50621,2
ACE76626,2
AGB98319,2
AGG25581,2
AGG26103,2
ACO25323,2
ADU16690,2
ADU16514,2
ADU53166,2
ADU16044,2
ADU16591,2
ADU16975,2
ADU24526,2
ADR00699,2
ADU53607,2
ADU17140,2
ADU17315,2
ADU17348,2
ADU56781,2
ADU53344,2
AGG26227,2
AGG23817,2
AGG26166,2
AGG26549,2
ACY80296,2
ADP07299,2
ACZ46505,2
ACZ46506,2
ADP06966,2
ADP07475,2
AFK75258,2
AFK75302,2
AGE09203,2
ADP07090,2
AEK49497,2
AEK49539,2
AEK50412,2
ACF47465,2
ACE76582,2
AEK50423,2
ACJ04610,2
ACE76615,2
ACJ04617,2
ACE81737,2
ACJ04619,2
ADP95401,2
ACV41574,2
ADA82094,2
ADU20479,2
AGE00804,2
AGE00466,2
ACO25301,2
AGG25743,2
AGG23635,2
ACQ82935,2
ADU53327,2
ADR00772,2
ADU53081,2
AGB98165,2
AGG23757,2
ADU20277,2
AGE03102,2
AGE08209,2
AGE03204,2
ACZ46561,2
ACZ46562,2
ACF25450,2
ADP06955,2
ADP07365,2
ADP07376,2
ADP07409,2
ABL67806,2
ABO34177,2
ABL67817,2
ADK22440,2
ADK22442,2
ABO45252,2
ABJ90227,2
ABJ16866,2
AFM08892,2
AFM08881,2
AFM08870,2
AFM08859,2
CAA81460,2
BAB39513,2
AFK73119,2
AAA43663,2
ACA47770,2
ADA82127,2
BAH95853,2
BAK24095,2
ACJ26133,2
ACJ26375,2
CAD20329,2
ACF25650,2
ABB21797,2
ACA47781,2
ACA47726,2
ADG59544,2
BAJ18094,2
ABB90196,2
BAG80828,2
ABB19533,2
ABB19544,2
ABB87630,2
ABB19076,2
ABG88282,2
ABB87733,2
ABB19932,2
ABB19067,2
ABB20081,2
AEM53434,2
ABI92273,2
ABL67092,2
ADW80298,2
ABI20819,2
ABL67114,2
AET75305,2
AET75982,2
AET75443,2
AFX84613,2
ABB19111,2
ABB88026,2
AFJ12455,2
AET76452,2
AET75294,2
ABB88081,2
AFX84949,2
BAJ14578,2
BAJ14546,2
ABI20808,2
ABG88271,2
ABM66857,2
ABI95166,2
ABK80007,2
ABM22052,2
BAJ08846,2
BAJ08847,2
BAJ08849,2
ACZ46565,2
ABM21889,2
ABV31924,2
CAC84246,2
BAJ18022,2
BAJ17982,2
BAJ17990,2
BAJ18006,2
BAJ18014,2
BAJ17998,2
CAC84249,2
AEA04423,2
ABO77027,2
AFK13956,2
AEJ31947,2
AEJ31958,2
ACZ36741,2
ACF24953,2
ABB20165,2
ABB90186,2
ABB88166,2
AEK65369,2
ACV90547,2
ACF76458,2
ACF24938,2
ADV58866,2
ABM46165,2
ABM46161,2
ABM46162,2
ABC69225,2
AEK65193,2
ACV86864,2
ACF25439,2
ACZ46432,2
ACZ46406,2
ABX88836,2
ABB20400,2
ABX88858,2
ABX88869,2
AEK65233,2
ABB87499,2
ACX55360,2
AET74712,2
ACF24958,2
ACF47509,2
ACZ46425,2
AFP20874,2
AGG81840,2
AGG81852,2
ACU26252,2
ADW80361,2
AFP21062,2
AEL22849,2
AFF60777,2
ADK78197,2
AEM75320,2
ACV86874,2
ADQ27995,2
ABB87826,2
ABB87879,2
ACD76865,2
ABB87911,2
ACZ36746,2
ACK99381,2
AGG27398,2
AGG27399,2
AFX85980,2
AET75571,2
ACO95705,2
AET75582,2
AET75583,2
AET74599,2
AET76529,2
AET75597,2
AET75618,2
AET76739,2
AFJ12477,2
AFX84993,2
AET75658,2
AFX86002,2
AET75707,2
AET75765,2
AFX88630,2
AGG27417,2
AET74536,2
AET75195,2
AFX85675,2
AET76902,2
AET76595,2
AGG26585,2
ACR58677,2
AET74784,2
AET77497,2
ACM18051,2
AET74795,2
AEK66103,2
AFX84916,2
AFX84927,2
AFY09609,2
AFX85484,2
AET75511,2
AET75533,2
ABI85176,2
ACZ46418,2
ACY80374,2
ACF25024,2
ACZ46421,2
ACZ46438,2
ACZ46463,2
ACZ46500,2
AET74933,2
AET74955,2
AFX84255,2
ADQ92608,2
ABI85187,2
ACZ46521,2
ACS68428,2
ACZ46551,2
ACY80367,2
ABB88125,2
ACF25318,2
ACF25307,2
ACF33625,2
ACF25285,2
ACK43404,2
ABB20053,2
ACZ46459,2
AET74399,2
AET74400,2
AGG27161,2
ACZ46534,2
ACZ46499,2
ACZ46469,2
ACY80369,2
ABB87608,2
ABB87307,2
ACZ46461,2
ACY80366,2
ACZ46471,2
ACZ46520,2
AET74922,2
AET74566,2
ABB20155,2
ACR59591,2
ACY80365,2
ACZ46543,2
ABB17718,2
ACZ46456,2
ACJ26188,2
ABB20145,2
AET74415,2
ACZ46457,2
ABV01303,2
AAA43666,2
ABI84518,2
ABB20346,2
ACV41453,2
ABB88048,2
ACK43425,2
ABB88092,2
ABB87951,2
ABB19980,2
ABB87338,2
AGG27537,2
AFX85103,2
AET76518,2
AET76474,2
AGG28721,2
AET77054,2
AET77269,2
AET76694,2
AFX85814,2
AGG27722,2
AET77280,2
AFX85114,2
AET77114,2
AFX85616,2
AFX86068,2
AFX85653,2
AGG27830,2
AET76847,2
AGG27314,2
AFX86079,2
AFX86101,2
AET75849,2
AET78202,2
AET75860,2
AET77028,2
AFX84960,2
AFX85385,2
AFX84197,2
AFX84208,2
AFX85396,2
AET77508,2
AGG28925,2
AGG26845,2
AFX86235,2
AFX85407,2
AFX85418,2
AFX86013,2
AFX85137,2
AET78145,2
AGG28072,2
ACO95672,2
AFX86057,2
AGG27374,2
AGG28991,2
AFX86145,2
AET77039,2
ACR58633,2
ACV41618,2
ACU15638,2
ACU15767,2
ADQ92673,2
ABB20096,2
AEK66019,2
AEK66008,2
AFJ13062,2
BAJ18054,2
AEK65264,2
ACF76822,2
ABL67158,2
ACV90907,2
AGG81924,2
AEK65800,2
ACZ36728,2
AEQ28342,2
AEK84686,2
ACU87143,2
ACU87139,2
AEB89896,2
ACR24458,2
BAF56439,2
AFJ13073,2
AEG20981,2
ADN65127,2
ABJ53552,2
AEO31333,2
AAT70658,2
ADF65092,2
AAA52245,2
ABR37356,2
ABR37345,2
ACZ46688,2
AAA43488,2
ABI84974,2
AAA43657,2
ADD21479,2
AAZ29586,2
AAZ29588,2
ACX47997,2
ABR53834,2
ADK70146,2
ACY80312,2
ACZ46523,2
ACF36765,2
ACF25640,2
ACF24963,2
ACF24886,2
ACZ46695,2
ACZ36725,2
ACZ46571,2
ACZ46570,2
ADD13577,2
ABI85088,2
AGB51403,2
ACZ46622,2
ACZ46651,2
AAA73105,2
AFK73139,2
CAA81462,2
ACF25610,2
ACF25600,2
ABI85121,2
ABS50721,2
ABS50726,2
ABS50727,2
ACJ68799,2
ACA03202,2
ACR24422,2
ABS50705,2
ABS50703,2
ABO77049,2
ABO52790,2
ABO52735,2
ABR37323,2
CAF33011,2
ABV01281,2
ABV01248,2
ABB20486,2
ABO52702,2
ABO44171,2
ABB88363,2
ABS89490,2
ABO44149,2
ABO52768,2
CAF33013,2
ABO76994,2
AEK70735,2
ABS89325,2
ACD88520,2
ACZ36726,2
ACF25621,2
ABI84510,2
AEA04316,2
ABI84716,2
ACF25062,2
ABI84687,2
ABI84662,2
AAA52239,2
ACD35866,2
ACF25547,2
ABI84677,2
ABI84645,2
ABI84667,2
ACI41026,2
ACD88707,2
ACG59923,2
AEK65629,2
AAA73111,2
ACD35873,2
ACD88652,2
ABC59712,2
ACZ46731,2
AEA04391,2
AAA52235,2
ABI85140,2
ACF36755,2
AEP17298,2
AEA04338,2
ABH04380,2
ABH04386,2
ABU62911,2
ACF25590,2
ACB47239,2
ACF25809,2
ACG59825,2
ACG59913,2
ACF25803,2
ACZ36739,2
ACG59805,2
AAY52631,2
AEA04412,2
ADV76657,2
ACV90767,2
ACV91057,2
ACV41744,2
ACS89029,2
ACZ46687,2
AGI02446,2
BAJ10012,2
BAE96962,2
ACV86894,2
ACZ36714,2
BAI39417,2
ABG88249,2
AFZ77451,2
AER09465,2
AER09455,2
AEK84688,2
AEK84690,2
AFQ60334,2
AFQ60279,2
AFQ60268,2
ACX48000,2
ABX83939,2
ABX83950,2
AFF25675,2
AFQ60301,2
ADG59250,2
ACZ36703,2
ABI33787,2
ADG43944,2
ADG43979,2
ADG43937,2
ADG43987,2
ABQ84557,2
ADG43976,2
ADG43974,2
AFF25719,2
ADG43984,2
ADG44005,2
ADG43952,2
ADG43903,2
ADG43899,2
ADG43922,2
ADG43921,2
ADG43947,2
ADG43946,2
ABI84920,2
AEB66724,2
ACY80315,2
BAM84134,2
