CAD92257,1
ACQ84486,1
ABP49337,1
ABO38064,1
AFM71867,1
AFH00075,1
ABV29776,1
ABW86452,1
AET84258,1
AGI53438,1
ABO44100,1
ABO52257,1
ABQ01376,1
AAO46258,1
ABN51109,1
ABO33079,1
ABO52367,1
ABO52334,1
ABO52345,1
ABP49458,1
ABP49469,1
ABP49447,1
ABO38317,1
ABO52312,1
ABN51142,1
ABO52356,1
ABN59411,1
ABP49326,1
ABO38711,1
AAO46252,1
ABW36321,1
ABO44067,1
AEO88937,1
ADG59510,1
AEO89061,1
AEO89078,1
AEO88944,1
ACD56301,1
AAA43648,1
AAO46263,1
ABN59433,1
AGI53430,1
AEK28879,1
AFG99269,1
AFG72065,1
ABR15906,1
ABU80187,1
ABV45859,1
ABR28811,1
ABS49986,1
ABR28833,1
ABS50052,1
ABR28844,1
ABR15939,1
ABR28877,1
ABR15972,1
ABR28910,1
ADF83762,1
ADV76704,1
ADV76737,1
AEG65603,1
AEG65482,1
ABF21226,1
AFH00724,1
AFM68986,1
AEA50981,1
ABC42617,1
ABC43148,1
ABD95349,1
ABD77828,1
ABO52268,1
ABQ58976,1
AEO89114,1
ACF41877,1
ABB46402,1
AEK29011,1
AEK29022,1
ABD62852,1
AAO46267,1
ACD85197,1
AFG99148,1
AFG71875,1
AFG71886,1
ADT79006,1
AFG98851,1
AFG98862,1
AFG98895,1
AFG99082,1
AFG72017,1
AFG72006,1
AFG99049,1
AFG71963,1
ADT79066,1
ADT79075,1
AFG71908,1
ADW09185,1
ACU80189,1
ADW11162,1
ADW09207,1
AEB71906,1
ACU80233,1
ADW09262,1
ADW09284,1
ACU80134,1
ACU80299,1
ADW09337,1
AEB71935,1
ACU80343,1
ADW10526,1
ADW10537,1
ADW10548,1
ACU80387,1
ADW10559,1
ADW10570,1
AEA77307,1
AEA73660,1
AEA73671,1
ADW10603,1
AEA73583,1
ADW10614,1
ACU80687,1
ADW10764,1
AEB71957,1
AEA73726,1
AEA73737,1
AEA73759,1
ADW10863,1
AEA73770,1
ADW09130,1
AEB71979,1
AEB71990,1
AFD98105,1
AFD98127,1
AFD98182,1
AFD98247,1
AFJ11716,1
AFD98300,1
AFJ19852,1
AGE89381,1
AGE89729,1
AGE89761,1
AFD98416,1
AFD98502,1
AFR68183,1
ABO38075,1
ABA55038,1
ADE28746,1
AFH00790,1
AFH01406,1
AGI53387,1
AAO46262,1
ABP49348,1
ABY81359,1
AEG65328,1
AEG65614,1
AEI54423,1
AEG65713,1
AEG65757,1
ABW91624,1
ABW39849,1
ABW40047,1
ABW39860,1
ABV29765,1
ABY81370,1
ABW91261,1
ADI75828,1
ADI77359,1
ADI75839,1
ADI75850,1
ADI75861,1
ADI75916,1
ADI75927,1
ADM07470,1
ADN06288,1
ADN06310,1
ADJ88792,1
ADI75938,1
ADK98644,1
ADN06332,1
ADN06343,1
ADN06354,1
ADK94212,1
ADL27999,1
ADN89115,1
ADL28087,1
ADL28109,1
ADN89159,1
ADK98776,1
ADN89324,1
AEI60033,1
ADK98842,1
ADK99007,1
ADK99040,1
ADK45420,1
ADK99062,1
ADK45442,1
ADK45486,1
ADK99249,1
ADK94267,1
ADK94322,1
ADN89742,1
ADK94344,1
ADN89808,1
ADL28224,1
ADL28235,1
ADL28257,1
ADL28268,1
AEI92033,1
AEI92034,1
ADR78651,1
ADM95267,1
ADM95272,1
AEN68864,1
AEN68865,1
AEN68866,1
AEN68867,1
AEN68868,1
AEN68869,1
AEN68870,1
AFF59147,1
ABD79122,1
AFO66245,1
ABI85010,1
ABE11689,1
ABM66874,1
ABD77751,1
ABD15690,1
ABC42749,1
ABC42760,1
ABC43170,1
ABC42661,1
ABD95283,1
ABD95294,1
ABC67707,1
ABD95305,1
ABD94821,1
ABC67564,1
ABC67729,1
ABC85797,1
ABD61347,1
ABD61358,1
ABF47571,1
ACT21473,1
ACT21474,1
ACT21475,1
ACT21476,1
ACT21477,1
ACT21478,1
ABC42782,1
ABC42793,1
ABF47582,1
ABC42705,1
ABC85852,1
ABD16357,1
ABG37130,1
ABD94986,1
ABD60877,1
ABC67999,1
ABD60899,1
ABE12133,1
ABC42157,1
ABC42179,1
ABC42202,1
ABC42328,1
ABC42356,1
ABC42972,1
ABC67882,1
ABF47593,1
ABD16548,1
ABC42983,1
ABD94975,1
ABC42584,1
ABC43115,1
ABC42595,1
ABC67652,1
ABD77729,1
ABC50298,1
ABE11711,1
ABD95217,1
ABC50309,1
ABC50320,1
ABC85962,1
ABE11678,1
ABD95239,1
ABD15789,1
ABD15800,1
ABC50353,1
ABC85929,1
ABD95250,1
ABD95261,1
ABD78004,1
ABC67553,1
ABD15756,1
ABD15734,1
ABD95041,1
AAO46503,1
AAL60435,1
ACG80476,1
ACG80467,1
ACG80458,1
ACG80449,1
ACG80440,1
CAA33357,1
AFO66157,1
ABI16501,1
ABO52807,1
AFO66234,1
ABA26732,1
ABA26776,1
ABA26809,1
AFG99247,1
ABW38373,1
ABW39915,1
ABV29809,1
ABW91206,1
ABW40091,1
ABV45969,1
ABW71403,1
ABV30238,1
ABV30084,1
ACD85230,1
AET84434,1
ACI25734,1
AFV68617,1
AFV68553,1
AFV68543,1
AFV68533,1
AEX34296,1
AEX34306,1
AEX34374,1
AEX36541,1
AEX34877,1
AEK28770,1
ABD15269,1
AEK28781,1
AEK29000,1
ACP20228,1
ABG26966,1
ABI21034,1
ABG37372,1
AEX63429,1
AFG72117,1
ADG59714,1
AFV53259,1
AFG99324,1
AFP33342,1
AFP33343,1
AFD64208,1
AFM71922,1
AFD63600,1
AFD63611,1
AFD63677,1
AFD63710,1
AFD63809,1
AFD63996,1
AFD63974,1
ACJ25083,1
AFD63842,1
AFD63864,1
AFD63908,1
AFD64073,1
ACJ25114,1
ACJ25151,1
AFD64062,1
AFD64161,1
AFD63930,1
ACJ25112,1
ACJ25161,1
AFD64322,1
AFD63853,1
AFD64377,1
AFD63897,1
AAO46498,1
AFD64106,1
AFD64150,1
ACZ45559,1
AFH00086,1
AFG72205,1
AFM72937,1
AFO64856,1
AFV33718,1
ABW86331,1
ABV30304,1
ABW91305,1
ABW39871,1
ACO94704,1
ACN33133,1
ACO94715,1
ACL12238,1
ACN33199,1
ACN33056,1
ACO94803,1
AEA04364,1
ABD77817,1
ACV49577,1
ABD61745,1
AEO88968,1
AEO89070,1
AFD64219,1
AFM72322,1
AFG99533,1
AFG72161,1
ACN32533,1
AAO46265,1
AEG64866,1
AEG64987,1
AAA43595,1
AEK28978,1
ABC67575,1
AEO89009,1
ACH69582,1
ACH69560,1
AEO89105,1
AEO89044,1
AEO88952,1
ADG59485,1
AEO89096,1
AEO89159,1
ACD85241,1
AEO89150,1
ADC45633,1
ADC45787,1
AAT39029,1
AEX35229,1
AEX33320,1
AEX34472,1
AEX33364,1
AEX33463,1
AEX35625,1
AEX35647,1
AEX33978,1
AEX33989,1
AEX35394,1
AEX35317,1
AEX34065,1
AEX36222,1
AEX34088,1
AEX36233,1
AEX34099,1
AEX35130,1
AEX36277,1
AEX36310,1
AEX34133,1
AEX36321,1
AEX36354,1
AEX34177,1
AEX33934,1
AEX36486,1
AEX34231,1
AEX35152,1
AEX35174,1
AEX35251,1
AEX35262,1
AEX33912,1
AFM72152,1
ADT79093,1
ABO38361,1
ABI20836,1
AAK51712,1
ABB46413,1
AFG72139,1
AFG72525,1
AFG72701,1
AFG71952,1
AAK49371,1
CAB95860,1
ACZ45568,1
ABB04348,1
ABB04304,1
ABB79798,1
ABB04916,1
AAC34272,1
AAO46493,1
CAC40037,1
AFG72536,1
BAE07198,1
AAT39030,1
ABB04337,1
ABB04927,1
AFO66256,1
AFM72915,1
AFG72602,1
ABD60800,1
ACZ45426,1
AFG72613,1
AAF99675,1
ABB04938,1
ABB82237,1
ABB04293,1
AAF99674,1
AAF75119,1
AAK49373,1
AAF74311,1
AAK49374,1
AAK49375,1
AAF74312,1
ACZ45427,1
CAB95862,1
AAF74313,1
AAK49376,1
AFH00416,1
AAK18015,1
AAK18016,1
ABB04949,1
AAK49377,1
AAK49378,1
AAK49379,1
AFG72624,1
ABB04381,1
ABB04315,1
ABB04359,1
AEY69108,1
AEY69119,1
AEY69152,1
AEY69163,1
AEY69196,1
AEY69229,1
AEY69872,1
AEY69938,1
AEY70266,1
AFH74927,1
AEY70310,1
AEY70343,1
ACP44246,1
ACO94946,1
ACO36473,1
ACO36484,1
ACO36506,1
ACO36451,1
ACO36517,1
ACO36528,1
ACO94902,1
ACO95469,1
ACU12537,1
ACO36605,1
ACR15567,1
ACO94913,1
ACO95524,1
ACO36627,1
ACO36649,1
ACO36671,1
ACU12548,1
ACR15589,1
AEG65449,1
AAK49380,1
AEO89026,1
AEO89177,1
AEX34011,1
AEX36552,1
AEX34899,1
AEX34954,1
AEX35053,1
AEX35075,1
AEX36134,1
AEO88993,1
AEO89087,1
AEO89132,1
AEO89168,1
AEX36178,1
BAM66405,1
AFV53281,1
AGI53405,1
AEG65086,1
AEG65064,1
AEG65812,1
ABV29589,1
ABV29578,1
ABW86397,1
ABW40553,1
ABV30029,1
ABV29633,1
AEO00679,1
ABW06350,1
ABW06298,1
ABI35999,1
AFM78563,1
ABW06192,1
ABW06163,1
ABI36211,1
ABI36213,1
ABI36218,1
ABI36223,1
ABI36227,1
ABI36228,1
ABI36234,1
ABI36239,1
ABI36243,1
ABI36254,1
ABI36259,1
ABI36264,1
ABI36270,1
ABI36194,1
ABI36305,1
ABI36140,1
ABI36173,1
ABI36311,1
ABI36322,1
ABI36344,1
ABI36377,1
ABI36388,1
ABI36482,1
ABI36471,1
ABI36432,1
ABI36443,1
ABI36454,1
ABI36008,1
ABI49403,1
ABL31773,1
ABL31740,1
ABL31751,1
ABL31776,1
ABL07004,1
ABL07026,1
AFN69306,1
AEW31152,1
AEW31174,1
ABI19006,1
ABV23985,1
AEK28846,1
AEK28890,1
AAO46256,1
ABF21228,1
ABI84969,1
ACU79969,1
AET84170,1
ADL39309,1
AET84236,1
ADL39419,1
ACB87572,1
ADW01404,1
AEO88960,1
AFO64889,1
AFG72558,1
AFM72174,1
AFG72569,1
ACD85263,1
ABX58436,1
ABW91613,1
ABY81414,1
ACN32869,1
ACO94770,1
ACN33045,1
ABX58689,1
ABW40014,1
ABW71392,1
ABV30513,1
ABV29930,1
ABY51236,1
ABW39827,1
ABV29611,1
ABV29875,1
ABV30502,1
ACA96529,1
ABW71326,1
ABW40322,1
ABW40333,1
ABY51115,1
ABW40520,1
ABV30172,1
ABX58480,1
ABW39926,1
ACN43013,1
ACN32968,1
ACO94737,1
ACN76510,1
ACN33012,1
ACO94792,1
AEX35097,1
AEX35108,1
AEX34396,1
AEX36596,1
AEX34406,1
AEX35119,1
AAA43653,1
AEN68974,1
ACD85219,1
AAO46259,1
ACN32484,1
AEK28901,1
AEK28912,1
ABO33005,1
AEX34054,1
AAA19214,1
AAA19215,1
ABR10085,1
AAB05770,1
AFG99544,1
AFG99577,1
AFG72304,1
AFH00119,1
AFH00427,1
AFH00130,1
AFG99137,1
AFG99744,1
AFJ74395,1
AFJ77418,1
AFJ77429,1
AFJ77439,1
AFJ74426,1
AFJ77494,1
AFJ74436,1
AFJ77505,1
AFJ74447,1
AFJ77516,1
AFJ74458,1
AFJ77527,1
AFJ77538,1
AFJ78308,1
AFJ78319,1
AFJ78330,1
AFJ74469,1
AFJ77593,1
AFJ77604,1
AFJ77626,1
AFJ77659,1
AFJ74491,1
AFJ74558,1
AFJ78352,1
AFJ78363,1
AFJ74524,1
AFJ78385,1
AFJ75079,1
AFJ78088,1
AFJ75100,1
AFJ78110,1
AFJ78121,1
AFJ78132,1
AFJ78528,1
AFJ77670,1
AFJ77681,1
AFJ78165,1
AFJ75110,1
AFJ78220,1
AFJ75527,1
AFJ77703,1
AFJ78583,1
AFJ78638,1
AFJ75581,1
AFJ75592,1
AFJ78242,1
ABD60976,1
AFJ75614,1
AFJ78253,1
AFJ78264,1
AFJ75628,1
AFJ75640,1
AFJ75650,1
AFJ75672,1
AFJ78649,1
AFJ78616,1
AFJ78660,1
AFJ74587,1
AFJ78297,1
AFJ74652,1
AFJ74691,1
AFJ77747,1
AFJ74714,1
AFJ74742,1
AFJ74759,1
AFJ76223,1
AFJ77758,1
AFJ74830,1
AFJ77802,1
AFJ77835,1
AFJ77868,1
AFJ77890,1
AFJ77934,1
AFJ77967,1
AFJ78429,1
AFJ78440,1
AFJ75046,1
AFJ78000,1
AFJ78451,1
AFJ78022,1
AFJ78462,1
AFJ78077,1
AFJ75068,1
AFJ78484,1
AEA73364,1
ACD85472,1
ACF54542,1
ADN89995,1
ACR15435,1
ACD85505,1
ACD93589,1
ACR58551,1
ACO95414,1
ACI26416,1
ADM12860,1
ADN90226,1
ACR15468,1
AEI54511,1
ACR15479,1
ACO36407,1
ACO36396,1
ADN90138,1
ACR15512,1
ACN32555,1
ACU80090,1
ACU12603,1
ACU12570,1
ACR15391,1
ACD85582,1
AET84423,1
ABO33019,1
AGI53459,1
AET84302,1
ACV49566,1
ABD62791,1
ABB54524,1
AAZ80018,1
ABB96384,1
ABN50766,1
ABG88343,1
ABA43346,1
ABO38031,1
ABB96362,1
ABC84552,1
ABD61767,1
ABD16761,1
ABD16750,1
ABA12787,1
ABB96340,1
ABM22256,1
ABF47725,1
ABG26845,1
ABB96519,1
ABN51076,1
ABB96373,1
ABI20869,1
ABO38020,1
ABF47736,1
ABF47824,1
ABD16592,1
ABP49315,1
ABB96351,1
ABB96329,1
ABG88354,1
ABM22267,1
ABK40545,1
ABK40556,1
AAZ74616,1
ABD17344,1
ABP49194,1
ABN50938,1
ABM66896,1
ABD61539,1
ABN50950,1
ABM22179,1
ABM22212,1
ABN50910,1
ABD16603,1
AFG99456,1
AAZ43415,1
ABI92312,1
ABO32958,1
ABF47758,1
ABF47791,1
ABO32969,1
AAA43131,1
AEK28989,1
AEK29121,1
AEK29143,1
AEK29165,1
AEK29176,1
AEK29187,1
AEK29242,1
AFY24114,1
AFY24125,1
AFY24158,1
AFY24180,1
AFQ55685,1
AFY24202,1
AFY24213,1
AFY24224,1
AEO01705,1
AEO01632,1
AEO01649,1
ABV29556,1
ABX58249,1
ABV30348,1
ABV30095,1
ABW36266,1
ABV30469,1
ABW36299,1
ACL12194,1
ACQ65723,1
ACN33188,1
AEG65130,1
AEG65185,1
BAG50034,1
BAG50035,1
BAG50029,1
BAG50031,1
BAG50032,1
BAG50030,1
ACD56334,1
AFO64911,1
AEK29253,1
AAO46257,1
AFM68964,1
ADC45820,1
ABD60811,1
ABI21529,1
AFO64812,1
ABB79978,1
ABI95260,1
AFG72635,1
ADD21445,1
ADR78626,1
ADR78618,1
ADR78635,1
ABB96508,1
ABC39815,1
ABB96530,1
AFV53303,1
AFO66223,1
AFM72410,1
ADT78855,1
ADT78872,1
ADT78883,1
ADT78894,1
ADT78904,1
ADT78915,1
AFH00823,1
AFH00834,1
ADT78957,1
AFH00713,1
AFG72844,1
AFH01417,1
AFH00592,1
AFG72855,1
AAR04358,1
AFG99159,1
ADM31389,1
AFH00548,1
AFG99203,1
AFH00680,1
AFG72778,1
AFG72789,1
AFG99291,1
AFG72910,1
ACI26394,1
AFG99346,1
AFH00691,1
AFG72943,1
AFG99665,1
AFG99755,1
AFG72877,1
AFG99676,1
AET84203,1
ADL39342,1
AEK28923,1
ABF21230,1
ACU80024,1
AGB51366,1
AEI54379,1
ADL39364,1
AEK28868,1
ABJ16608,1
ABJ16619,1
ABI93104,1
ABI93115,1
ABJ09337,1
ABO33046,1
AEN02491,1
AEN02502,1
AAX12800,1
AAY28023,1
AAY28657,1
ACD93143,1
AAX56599,1
AAX57652,1
AAY18115,1
AAX12810,1
AAX57703,1
AAY28414,1
ABA43209,1
AAX56499,1
AAZ38549,1
AAY18095,1
AAX35870,1
AAX56519,1
AAX47544,1
AAY28637,1
AAY59044,1
AAX56538,1
AAX56389,1
AAZ74627,1
AAY28600,1
ACZ05193,1
AAX57853,1
AAX57863,1
AAX57893,1
AAX57913,1
AAY28384,1
AAY28367,1
AAY64261,1
AAX34069,1
AAX76742,1
AAX76752,1
AAY47084,1
AAY64281,1
AAY18205,1
AAX56569,1
AAY28324,1
AAY47094,1
ADM07514,1
AAZ83252,1
AAZ38637,1
AAX56399,1
ABB80055,1
AAY44670,1
ABB53613,1
AAZ83263,1
ABA42257,1
ABA12706,1
ABA12720,1
AAY64241,1
ABA87067,1
ABA08507,1
ABB53673,1
AAY28003,1
ABB79989,1
ABA43199,1
AAY64201,1
AAZ83322,1
AAY64251,1
AAZ83287,1
AAY64311,1
AAY64401,1
AAY98076,1
AAY98096,1
AAX11484,1
AAY98116,1
AAZ83309,1
AAY98126,1
AAY98146,1
AAX57663,1
ABA87090,1
AAX11494,1
ABA18133,1
ABB80000,1
ACZ05391,1
ABA18047,1
ABC40543,1
ACZ05303,1
AAX56419,1
ABA08529,1
ABA12728,1
ACZ05347,1
ACZ05402,1
ACZ05424,1
ACZ05457,1
AAY98216,1
ABA12750,1
AAY98256,1
AAY98338,1
AAZ38505,1
AAY98385,1
ADE34223,1
AAY98405,1
AAZ79614,1
ABB80113,1
ABA12761,1
ABA87252,1
ACZ05982,1
AAZ74451,1
AAZ83381,1
ADV76630,1
AAZ79647,1
ACZ05578,1
AAZ38538,1
AAX76652,1
AAZ74583,1
ABA87263,1
AAZ38604,1
ADV76641,1
ABA12794,1
ABA42301,1
ABB53706,1
ABA18155,1
AAX56609,1
ABA42312,1
ABA42356,1
ABA42389,1
ABA42486,1
ADB89742,1
ABC40641,1
AAX11544,1
ABB04993,1
ABB02890,1
ABA42938,1
AAX11554,1
ABB53717,1
ABB02957,1
ABB46424,1
ABB46435,1
ABB03023,1
ABB03045,1
ABC40618,1
ABB79741,1
ABB03067,1
ABB46457,1
ABB03089,1
AAX11584,1
ABB03100,1
ABD15503,1
ABD15470,1
ABD15635,1
ABD61281,1
ABB83025,1
ABD15525,1
ABB03133,1
AAX56439,1
ABB53750,1
ABC84421,1
ABB77863,1
ABB80169,1
ABC50188,1
ABB80091,1
ABC50199,1
AAX35830,1
ABB80239,1
ABB80513,1
ABC67586,1
ABC02298,1
ABD94832,1
ABD15569,1
ABB80692,1
ABB80703,1
ABD15547,1
ABB80747,1
AAY18584,1
ACF41910,1
ABG67145,1
AAY28511,1
ABD94854,1
ABD79199,1
ABD77707,1
ABD79221,1
ABE13339,1
ABD79232,1
ABD94876,1
ABD79243,1
ABD77894,1
AAY18135,1
ABD94887,1
ABD94898,1
ABD78136,1
ABD94909,1
ABE11888,1
ABE13605,1
ABE11910,1
ABE11921,1
ABE11970,1
ABF47626,1
ABE12042,1
ABE14073,1
ABG47850,1
AAY18620,1
ABJ53448,1
ABE14519,1
ABI20847,1
ABI20858,1
ABG26801,1
ABF47648,1
ABG47872,1
ABG37262,1
ABG80006,1
AAY18155,1
ABG37306,1
ABG88365,1
ABG37339,1
ABK40655,1
ABG47883,1
ABG47894,1
ABG88387,1
ABG47905,1
ABG88398,1
ABG80061,1
ABI92323,1
ABG88409,1
ABI30886,1
ABG26922,1
ABG80083,1
ABJ09150,1
ABG47927,1
AAX56579,1
ABI30399,1
ABG47982,1
ABG88442,1
ABD15536,1
ABG88486,1
AAY28314,1
ABG80171,1
AAY45655,1
ABG88530,1
ABG48323,1
ABG48367,1
ABG80391,1
ABG80402,1
AAY78948,1
ABG88772,1
ABI21463,1
ABK79969,1
ABI21496,1
AAX38246,1
AAX11634,1
AAX12770,1
AAX56449,1
AAX35850,1
AAX56459,1
AAX47534,1
AAZ74561,1
AAY27968,1
ABI21518,1
ABW40124,1
ABW39981,1
ABV29644,1
ABV30403,1
ACN33177,1
ABO33035,1
ADC45600,1
ADC45611,1
ADT80840,1
ADT80842,1
ACV49588,1
ABW40300,1
ABW40487,1
ABR88077,1
ABU80409,1
ACD65212,1
ABW91514,1
ABW40685,1
ABW86419,1
ABW86529,1
ACN33100,1
ABW40421,1
ABW71447,1
ACR61687,1
ACN32880,1
ACN43024,1
ACL12205,1
ACO95313,1
ACN32957,1
ACO94748,1
ACN32990,1
ABW91525,1
AET84181,1
ABY70965,1
ABF18002,1
ABW91415,1
ABX58711,1
ABW40355,1
ABX58326,1
ACF41690,1
AFG99181,1
AFG72745,1
AFG72426,1
AFG72437,1
ABI30787,1
ABI21221,1
AAO46255,1
AAO46261,1
AFG99843,1
AFG99898,1
AFG99964,1
AAM78511,1
ACI26515,1
ACI26526,1
ADL60238,1
ADL60249,1
ADL60271,1
ADL60282,1
ADL60304,1
ADL60315,1
ADL60370,1
ABO38394,1
AET84445,1
AAO46260,1
AET84324,1
ABE12588,1
AFG98906,1
ACD85208,1
AET84412,1
ACR15358,1
CAA23855,1
ABO21705,1
AAM75155,1
ACN32293,1
ABL67296,1
ABK80068,1
ABL67307,1
ABK80211,1
ABL67318,1
ABM22080,1
ABK80222,1
ABL67373,1
ABM22135,1
ABO32785,1
ABO32800,1
ABL67417,1
ABL67428,1
ABM22157,1
ABK80299,1
ABK80112,1
AGA19016,1
AFV53292,1
AFV53226,1
ABN59444,1
ADT79115,1
AFG99104,1
AEA29326,1
AET84379,1
AEK29055,1
AEK29077,1
ACU27403,1
AFH00284,1
AFD63545,1
AFD63622,1
AFD63688,1
AFD63699,1
BAG84336,1
BAG84328,1
BAG84334,1
AEO89123,1
AEO89017,1
AFG99258,1
AFO64900,1
AFG99467,1
AEO88985,1
AFM72108,1
AEO89035,1
ACK99453,1
ACI26581,1
ACK99475,1
ACI26559,1
ACO36363,1
ACV49675,1
ACI26570,1
ACL12270,1
AEA04375,1
AAA43127,1
AFV53313,1
AFG72690,1
AFO66179,1
AFG99379,1
AFG99401,1
AFG72150,1
ABO38405,1
AFP99539,1
AFP99542,1
AFP99546,1
AFP99550,1
AFP99391,1
AFP99394,1
AFP99396,1
AFP99401,1
AFG99975,1
AFG72271,1
ABO33068,1
ABQ01343,1
ABK40027,1
ABJ16641,1
ABJ53525,1
ABJ16663,1
ABJ16696,1
ABJ16707,1
ABD61528,1
AEG64888,1
ADL39254,1
AFM72520,1
ADL39408,1
AET84280,1
ABI30743,1
AFG99225,1
AFG72470,1
AET84390,1
AAL87936,1
AAL87935,1
ACQ84506,1
AAF76002,1
AAL87934,1
AAL87933,1
CAC37000,1
AAN46834,1
AAL87932,1
AAG01766,1
AAL87931,1
AAL87930,1
AAL87929,1
ADU25485,1
ADO17632,1
ADO17627,1
ADO17634,1
ADO17623,1
ADO17635,1
ADO17622,1
ADO17641,1
ADO17628,1
AEG64855,1
ABD59814,1
ABD59811,1
ABD59812,1
ABD59806,1
ABD59809,1
ABD59810,1
ABD59813,1
ABD59808,1
ABD59815,1
ADN92897,1
ABF21232,1
ADN92896,1
AAO46497,1
ADN92905,1
ADN92906,1
ABB51965,1
ADY04723,1
ACR15303,1
ABF21233,1
AAO46500,1
ADN92902,1
AAO46502,1
ADN92903,1
ADN92898,1
ABD59807,1
ACR15314,1
ADN92909,1
ADN92894,1
ADN92914,1
ACQ65712,1
ACR15270,1
ACR15193,1
ACR15292,1
ADN92904,1
ACR15237,1
ACD85252,1
AEX36618,1
AEX33956,1
AEX34778,1
AEX35306,1
AEX35614,1
AEX35449,1
AEX35460,1
AEX33835,1
AEX36453,1
AEX35482,1
AEX35493,1
AEX35504,1
AEX33868,1
AEX35548,1
AEX35218,1
ABW40080,1
ABX58700,1
ABX58568,1
ACN43002,1
ABW40575,1
ACC61985,1
ABX58502,1
ABW71458,1
ABW86463,1
ABW86507,1
ABX58546,1
AFM68975,1
ABO44133,1
ABD60965,1
AGG13530,1
AGG13590,1
AGG14341,1
AGG13638,1
AGG13770,1
AGG13818,1
AGG13830,1
AGG13902,1
AGG13914,1
AGG13926,1
AGG13950,1
AEG64965,1
AEG65075,1
ABV29545,1
ABV29754,1
ABY51071,1
ABW91371,1
ABV30557,1
ABW71337,1
ABY51060,1
ABY51082,1
ABV45903,1
ABV82561,1
ACR61665,1
ABW86364,1
ABW36288,1
ABV29864,1
ABV29622,1
AET84159,1
AET84214,1
AEK28814,1
AEK28945,1
AAV35117,1
AFF60783,1
ABO21696,1
AAV32653,1
AAV32645,1
ABC72647,1
ACO94659,1
ACX31587,1
ACZ81575,1
ACZ81576,1
ACV82253,1
ACZ16010,1
ACV82256,1
ADN92463,1
ADN92474,1
ACZ16030,1
ACZ81574,1
ACO94650,1
ACO94652,1
ACO94655,1
ACO94656,1
ACO94657,1
ACO94645,1
ACO94647,1
ACU46651,1
ABD16291,1
ABO10164,1
ADL39518,1
ADL39529,1
ABO44144,1
AAO46266,1
AAO46506,1
ADC45831,1
AET84346,1
AET84357,1
AAO46495,1
ABQ01332,1
ABD95360,1
ABF21235,1
ABD60943,1
AAA43594,1
CAD22808,1
AEA03801,1
AEA03972,1
AEA04038,1
AEA04075,1
AEA04086,1
AEA04097,1
AEA04108,1
AEA04138,1
AEA04171,1
ACV49544,1
AFM72575,1
ABW40058,1
ABV30359,1
ABV30150,1
ABV29820,1
ABW40157,1
AFG72481,1
AAO46253,1
AFM71812,1
AFG99005,1
AFG72293,1
AFH00064,1
AAT73550,1
ABO21695,1
AAT73552,1
AAZ72955,1
AAT73549,1
ABF01743,1
ABF01749,1
ABF01751,1
ABF01745,1
ACS93349,1
ADF83720,1
ADF83716,1
ADF83725,1
ADF83724,1
ADF83723,1
ADF83722,1
ADF83718,1
ADF83717,1
ACN32847,1
ABV30612,1
ABW40267,1
ACC61974,1
ABW40366,1
ABW40399,1
ABY51148,1
ABY81425,1
ABX58557,1
ABW91437,1
ACF54608,1
AAA43611,1
ABG37383,1
ABG37625,1
ABI21232,1
ABG67633,1
ABG67644,1
ABI21746,1
ABI20990,1
ABG88563,1
ABG48092,1
ABG88596,1
ABG88662,1
ABI26656,1
ABG48158,1
ABG37394,1
ABI92411,1
ABG88640,1
ABF82939,1
ABG88607,1
ABG48202,1
ABG37482,1
ABI30520,1
ABI30553,1
ABI30754,1
ABJ09161,1
ADL39287,1
AET84269,1
ABD79111,1
ABF82829,1
ABI21199,1
ABI21210,1
ABG80281,1
ABG80193,1
ABI21100,1
ABF47879,1
ABI30608,1
ABO32677,1
ABG37581,1
ABG37438,1
ABG37537,1
ABI30432,1
ABG88728,1
ABI21144,1
ABI30465,1
ABG48103,1
ABJ09172,1
ABJ09216,1
ABF47912,1
ABI92521,1
ABI92532,1
ABG88805,1
ABI92543,1
ABO38042,1
ABN51153,1
ABO38328,1
ABO38339,1
ABI92587,1
ABI92598,1
ABI92488,1
ABI92620,1
ABN51164,1
ABI92653,1
ABI92675,1
ABK40721,1
ABI92807,1
ABI92818,1
ABI92840,1
AFE47634,1
ABI92961,1
ABI92972,1
ABK40732,1
ABI92994,1
ABK39983,1
ABO32980,1
ABI92499,1
ABC42650,1
ABD77806,1
ABF21236,1
ACF54575,1
AEO89053,1
AEO89141,1
ACT79567,1
BAD02361,1
ADC45842,1
AEO89001,1
AGJ51961,1
AEM60014,1
AAA43613,1
AAO15318,1
AAO15319,1
AAO15320,1
AAA43649,1
ABF18003,1
ABB86880,1
ACH95662,1
ABK00131,1
BAK22655,1
AEI60106,1
ADO65968,1
ABU80297,1
ABS53370,1
ACR39216,1
ACR39215,1
ADI46258,1
ADI46262,1
ACO25076,1
ACO25107,1
AFR75856,1
BAM65743,1
BAK41869,1
ACR39219,1
ADT79178,1
AFR75867,1
AGI55589,1
ABY84693,1
BAH02097,1
ACH95673,1
BAH02067,1
BAH02047,1
BAH02057,1
ABS53360,1
ABD61561,1
AAG01748,1
CAC36999,1
AFR76528,1
AFR76557,1
ACO25151,1
ABS53350,1
ADI46263,1
ADI46267,1
BAH02167,1
AFR75888,1
AFR75910,1
AFR75921,1
AFR75931,1
AFR75942,1
AFR75963,1
AFR75974,1
AFR75985,1
AFR75996,1
ADX31842,1
AFR76034,1
AFR76045,1
AFR76056,1
AFR76067,1
AFR76078,1
AFR76089,1
AFR76119,1
AFR76130,1
AFR76141,1
AFR76152,1
AFR76169,1
AFR76180,1
AFR76191,1
AFR76212,1
AFR76223,1
AFR76234,1
AFR76245,1
AFR76256,1
AFR76267,1
AFR76277,1
AFR76288,1
AFR76297,1
AFR76308,1
AFR76318,1
AFR76329,1
AFR76340,1
AFR76359,1
AFR76370,1
AFR76381,1
AFR76392,1
AFR76403,1
AFR76414,1
AFR76423,1
AFR76434,1
AFR76445,1
AFR76456,1
AFR76467,1
AFR76478,1
AFU83142,1
ACO25001,1
ACO25012,1
ACO25043,1
ACO25054,1
ACO25129,1
AFR76512,1
ACO25022,1
ACO25085,1
ACO25096,1
ACO25140,1
AAV30835,1
ABD77110,1
ABD77118,1
ACK57723,1
AAV30843,1
AFR76597,1
AFR76608,1
AFR76619,1
AFR76630,1
AFR76641,1
AAA43652,1
ACR39218,1
ACR39217,1
ACN90953,1
ABR22248,1
ACH69604,1
ADH83313,1
ADH83314,1
ADH83311,1
ADH83315,1
ADG59035,1
ADV19282,1
ACU46721,1
ACU46714,1
ADG23206,1
ACU46712,1
ACY06511,1
AEK86170,1
ABY16782,1
ABY16783,1
ABY16784,1
AEK86185,1
AEK86179,1
AEK86180,1
ACY06506,1
ACY06507,1
AFN66958,1
ADK65117,1
AFM47161,1
ACQ77610,1
ACA42435,1
ACH69647,1
ADO21044,1
ABR87897,1
ABQ51944,1
ADO21011,1
ADO21022,1
ADO21033,1
ABV31957,1
ABV31977,1
ABV31978,1
ACR39214,1
ACR39213,1
ADU02124,1
ABY16781,1
ADK89124,1
ABS00319,1
AGI55663,1
ABJ16472,1
BAH02147,1
AAL14087,1
ADY70412,1
ACR84043,1
ADG08205,1
ACR84055,1
ADY70634,1
ADY70644,1
ADY70663,1
ADY71219,1
ADY71489,1
ADY71230,1
ADG08216,1
ADG08227,1
ADG08238,1
ADY71608,1
ACR84050,1
ADY71240,1
ADY71143,1
ADY71423,1
ADY71445,1
ADY71500,1
ADY70593,1
ADY71619,1
ADY71511,1
ADY70723,1
ADY71663,1
ADZ04724,1
AEK86184,1
ADY71093,1
ADY71674,1
ADG08447,1
ADZ04754,1
ADY71685,1
ADY71696,1
ADY69879,1
ADY69901,1
ADY71368,1
ADY69911,1
ADG08502,1
ADY69933,1
ADG08524,1
ADY70562,1
ADY69988,1
ADY69999,1
ADY70021,1
ADY70032,1
ADY71762,1
ADY71456,1
ADY71292,1
ADY71544,1
ADY70076,1
ADY71357,1
ADY70186,1
ACR84048,1
ADZ04824,1
ADZ04834,1
ADY70572,1
ADY71565,1
ADY70230,1
ADY71175,1
ADY70252,1
ADY70582,1
ADY70263,1
ADY70285,1
ADY71576,1
ADY70307,1
ADY70603,1
ADY71434,1
ADY71630,1
ADY70873,1
ADY71522,1
ADY71412,1
ADY71103,1
ADY71113,1
ADY70340,1
ADY70350,1
ADY70933,1
ADY70943,1
ADY70953,1
ADY71186,1
ADY70963,1
ADY70973,1
ADY70983,1
ADY70423,1
ADY71003,1
AAL14086,1
ADY70434,1
ADY70445,1
ADY71013,1
ACR84049,1
ADY71533,1
ADY71164,1
ADY71083,1
ADY71043,1
ADY70913,1
ADY71272,1
ADY71073,1
ADG08469,1
ADY71390,1
ADY71282,1
ADY71773,1
ACR84046,1
ADY71261,1
ADY71303,1
ADY71478,1
ADY71652,1
ADG08194,1
ADY71123,1
ADY71325,1
ADY70993,1
ADY70893,1
ADY71336,1
ADY71597,1
AFV33922,1
AGH30405,1
AEH42748,1
AFN06476,1
AEH42759,1
AEH42770,1
AEH42781,1
AFR42730,1
ADV69006,1
AFN06465,1
ACM17272,1
ACM17250,1
ABA27437,1
AFR76546,1
AEO91975,1
AEO91712,1
AEO91677,1
AEO91964,1
AEO91997,1
AEO91953,1
ABR28613,1
AFV71375,1
AFV71368,1
AFM47262,1
AFM47251,1
AFM47196,1
AEZ01204,1
AFD32687,1
AFP99311,1
AEZ01205,1
AFD32666,1
AFP99325,1
AFL56864,1
AFK73198,1
AGB84976,1
AFV71354,1
AFX69002,1
AFP99318,1
AEZ02291,1
AFO83342,1
AGI55613,1
AFO38519,1
AGG53599,1
AFO83002,1
AFO38539,1
AFO83339,1
AFP36165,1
AFN66941,1
AFX69020,1
AGG53692,1
AEO91843,1
ACT84264,1
ACT84269,1
ACT84274,1
AEO91756,1
AEY75615,1
AFR60999,1
AGB84901,1
AGB84923,1
AFM84217,1
AEY75597,1
AFI73479,1
AFL56884,1
AFL56891,1
AFR77996,1
AGG53613,1
AGG53627,1
AGG53699,1
AEO91620,1
ABQ45468,1
ABS49931,1
ABR29624,1
ABY81436,1
ABS50120,1
AAA43126,1
ABR29604,1
AGG53640,1
AEM60112,1
ABX58656,1
ABR29614,1
ABS50130,1
AGI65080,1
AEM60101,1
ABR15829,1
AEO52531,1
AFD32623,1
AFI73465,1
AFI73458,1
AFM84223,1
AFH41238,1
AFM84237,1
AEZ01209,1
AFL56906,1
AFK73191,1
AFK73218,1
AFK73225,1
AFM84243,1
AFD32601,1
AFN66915,1
AGF37689,1
AFN66908,1
AFN66894,1
AFX69027,1
AFN69212,1
AFN69219,1
AGI55631,1
AFO38526,1
AGG53606,1
AGC96260,1
AGC96253,1
AGG53661,1
AGG53673,1
AGG53680,1
ACY67070,1
ACY67074,1
ACY67073,1
ACY67072,1
ACY67071,1
ACY67068,1
ACY67067,1
ACY67066,1
ACY67065,1
ACY67064,1
ACY67063,1
ACY67060,1
AEN94860,1
AFR76652,1
AFR76663,1
AFR76674,1
AFR76692,1
ADU85857,1
ADT79136,1
AFR76703,1
ADU85861,1
ADU85859,1
AEN68605,1
AFR76714,1
AFR76724,1
AFR76735,1
ADU85862,1
ADU85856,1
AEN68604,1
ADU85858,1
ADT79157,1
ADU85855,1
ADU85860,1
ABV29600,1
ABS49953,1
ADU85863,1
AFR76746,1
ADU85854,1
ABW38020,1
AEX63614,1
AEC46369,1
AEC46379,1
AEQ61370,1
AEQ61290,1
AEQ61340,1
AEQ61320,1
AEQ61310,1
AEQ61300,1
AEQ61410,1
AEQ61380,1
ACA25355,1
ACA25365,1
ADV02475,1
ADM35890,1
AEL31731,1
AEL31736,1
ABR29584,1
ACU68856,1
ABR28624,1
AEO91609,1
AFR75832,1
AFR75843,1
ACJ53897,1
ACJ53898,1
ACE78126,1
ACE78138,1
ACE78137,1
ACE78139,1
ACE78127,1
ACE78140,1
ABI54403,1
ACE78141,1
ACE78142,1
ACE78143,1
ACE78136,1
ACE78145,1
ACE78128,1
ACE78129,1
ACE78130,1
ABY81853,1
ACE78133,1
ACE78134,1
ABI54402,1
AAV68028,1
AEI30062,1
AEI30061,1
AEI30060,1
BAG49739,1
ADK26594,1
AFR76752,1
AEA29328,1
ABA27429,1
ADF83507,1
ADF83498,1
ABF18005,1
ABR29574,1
AFV71457,1
ACI26613,1
AFQ34692,1
AFQ34703,1
AFQ34725,1
AFQ34736,1
AFQ34747,1
AFQ34758,1
AFQ34769,1
AFQ34790,1
AGF37701,1
AFP99363,1
AGF37759,1
AGC96218,1
AGF37735,1
AEO91688,1
AEO91898,1
AEO91876,1
AEO91887,1
ABA46960,1
AEO91920,1
AEO91778,1
AEO91666,1
AEO91631,1
AEO91811,1
AEO91734,1
AEO91745,1
AEO91865,1
AEO91909,1
AEO91723,1
AEO91767,1
ACL79902,1
AEV21641,1
ACJ03974,1
AEN94816,1
AFX68941,1
ADZ05631,1
AGG53647,1
ADY80094,1
ABU80198,1
AFS50196,1
AEN94849,1
ADZ05629,1
ABR28646,1
ADZ05632,1
ADZ05634,1
ADZ05636,1
AEN94838,1
ADZ05630,1
ADZ05633,1
AFD32677,1
AFU92362,1
AEZ02136,1
AFC92991,1
AFK73239,1
AGC96240,1
AGG53592,1
AFX69039,1
AFN69233,1
AGI55650,1
AGF37714,1
AGG53634,1
AGG53667,1
AFX68931,1
AEO91822,1
AEO91642,1
AEO91854,1
ACI89695,1
AGC96266,1
ABY40436,1
ABY40446,1
AFD32655,1
AFD32644,1
AFN69239,1
AFN69226,1
BAG49628,1
ACM17261,1
BAH02117,1
AEO91701,1
ABR28657,1
AFK73205,1
AFU92356,1
AFD32612,1
AFP36144,1
AFN69265,1
BAK22652,1
ACF94705,1
AEO91789,1
AEN94882,1
ABQ41895,1
ADY80051,1
ADY80116,1
AFC18003,1
AEN94872,1
AEN94827,1
AGF37662,1
AGF37669,1
AEZ02119,1
AFC92990,1
AEZ02270,1
AGC96273,1
ACS92891,1
ACH69549,1
AFR76567,1
AFR76578,1
AEO91800,1
AGB98424,1
AGB98523,1
AGB98435,1
AGB98787,1
AFS50176,1
AGB98996,1
AGB99172,1
AGB99194,1
AGB99348,1
AGB99359,1
AGB99425,1
AGB99524,1
AGB99758,1
AGC00031,1
AGC00042,1
AGC00235,1
AFR61047,1
AGG53724,1
AFR78059,1
AFX68980,1
AFX68969,1
AFX68947,1
ABW71491,1
AFS50202,1
AFS50189,1
ACD65210,1
AFO83338,1
BAK22651,1
BAJ14114,1
ACV42069,1
ACV42091,1
ACV42124,1
ACV42146,1
ACV42102,1
ACV42245,1
ACV42256,1
ACV42278,1
ACV42025,1
ACV42289,1
ACV42058,1
AAG01757,1
AAG17437,1
ABB86940,1
ABB86930,1
ABW36354,1
ABR28668,1
AAU25862,1
ABB86920,1
ABB86910,1
ABB86900,1
ABB86890,1
ABB86870,1
ABW36365,1
AAU25852,1
ADX60669,1
ADU85676,1
ADU85679,1
AGI55637,1
ACN90969,1
ACN85533,1
AFR76763,1
AEA29318,1
AEA29319,1
AEA29320,1
AEA29321,1
ADV58922,1
ADV58923,1
AEA29322,1
AEA29316,1
ADV58918,1
AEA29317,1
ADV58917,1
ADV58919,1
ACF04401,1
BAI83391,1
BAH02027,1
BAH02037,1
BAH02127,1
BAH02137,1
BAK22653,1
BAH02177,1
BAK22654,1
BAL70409,1
BAL70441,1
BAL70451,1
BAH02087,1
AAU25842,1
ACO25065,1
AFU92410,1
AFV77698,1
AFV77717,1
AFU92400,1
AFU92390,1
AFV77708,1
ACY06508,1
ADG59576,1
AAU05323,1
ACY06509,1
ABV55858,1
ACY06510,1
ACA42425,1
ACI48761,1
AGI55664,1
AAO15321,1
ACF49407,1
ADU85822,1
AFS50183,1
AGI55606,1
ABD62842,1
ABD62803,1
AFR76779,1
ABO44045,1
ABD78114,1
ABE12644,1
ABE27163,1
ABE27174,1
CCG47911,1
ACU82392,1
ADJ80230,1
ACN39286,1
ACN85523,1
ACO07048,1
ADK98479,1
ABR28690,1
ABR28547,1
ACF22114,1
ABR28701,1
ABQ45446,1
ABR15840,1
ABW36332,1
AAA43125,1
ABD95721,1
ABX58667,1
ABV29534,1
ABY51214,1
ABU80419,1
ABR15873,1
ABW86584,1
ABU80209,1
ABR28558,1
ABR15884,1
ABR28580,1
ABW86595,1
AEM60090,1
ABU80242,1
ABU80264,1
ABU80220,1
AGC96197,1
ACV42113,1
ACV42036,1
ACV42047,1
AEK70338,1
AFO83026,1
ACL11949,1
ABS00330,1
ACT97065,1
ADU02114,1
ACV52122,1
ACV52111,1
BAH02107,1
ABV82583,1
ACD85164,1
ABV82594,1
ABR28712,1
ABR28723,1
ABR29594,1
ABV82605,1
ABR28734,1
ABX58678,1
ACK99420,1
ABS49964,1
ABR28745,1
AFR76801,1
AFH88135,1
BAM78397,1
AFN06486,1
AAZ79398,1
ACJ06674,1
AAC63443,1
AAC63416,1
AAC63445,1
AAC63447,1
AAC63448,1
ACX53679,2
ADN34723,2
AFH41223,2
AFH41212,2
ADN34703,2
AAU00820,2
ADU20371,2
ACA25316,2
AGG82786,2
AGG82798,2
AGG82978,2
AGG81760,2
AGG83171,2
AGG81772,2
AGG83300,2
AGG83400,2
AGG83533,2
AGG83558,2
AGG83582,2
AGG83812,2
AGG83824,2
AGG83934,2
AGG83962,2
AGG84070,2
AGG84098,2
AGG81835,2
AGG84110,2
AGG84137,2
AFY07143,2
AFY06587,2
AFY05793,2
AFY06977,2
AFY06524,2
AFY05951,2
AFY06966,2
AFY05851,2
AFY06007,2
AFY06403,2
AFY06914,2
AFY05867,2
AFY06562,2
AFY05778,2
AFY09695,2
AFY05890,2
AFY06392,2
AFY09776,2
AFY06249,2
AFY06359,2
AFY05674,2
AFY05763,2
AFY05685,2
AFY05740,2
AFY09682,2
AFY07077,2
AFY06944,2
AFY09761,2
AEK65859,2
AEK70698,2
ACV41536,2
AEK65892,2
ACZ45325,2
AGG82554,2
AFY06172,2
AFY06150,2
AFP21487,2
AGG83656,2
AFY06082,2
AFY06093,2
AFY06104,2
AFP21454,2
AEK70709,2
AEK65870,2
ACX55509,2
AGE03064,2
AEM75216,2
ADP06922,2
ADP07107,2
AEM75463,2
ADU20305,2
ADP07004,2
ADP07294,2
ADP07448,2
ADP07014,2
ADP07904,2
ADP07915,2
ACF47559,2
ADU33173,2
AGE00623,2
AGE00656,2
AGE00733,2
AGE07943,2
AGE00821,2
AEM75522,2
AEM75500,2
AEM75194,2
AGG25663,2
AGG25702,2
AGG23603,2
AGG36402,2
AGG26134,2
AFR46611,2
ACO25340,2
ACQ82897,2
ADR00738,2
AGG24188,2
AGG23568,2
AGE00485,2
AGE08122,2
AGE08134,2
AGE08181,2
AGE08182,2
AGE08097,2
AEM76549,2
AEM76560,2
AEM76639,2
AGE03177,2
ADP07635,2
ADU17669,2
AGE00689,2
AGE01021,2
AGE00393,2
AGE02695,2
AEM75932,2
ACU26324,2
ADR00867,2
ACY79745,2
AET75392,2
AGE08645,2
AFK75286,2
AFK75297,2
AEK49600,2
AEK50682,2
AEK50440,2
AEK50462,2
AEK50484,2
ACF47438,2
ACE81710,2
ACF47493,2
ACF47515,2
AGG25626,2
AGG23629,2
ADU16948,2
AGB98182,2
AGE03469,2
ACV90992,2
ACT84185,2
AGE08611,2
AGE08612,2
AFP20990,2
ADN34734,2
ADJ17339,2
ADT64805,2
ABU62863,2
AFK13800,2
AAZ14139,2
ABH03486,2
ADQ20612,2
ABH03494,2
ACR61654,2
ABL67131,2
AAZ14134,2
ACA25306,2
ACY79753,2
ACY79755,2
ACV90792,2
ACV90802,2
ACZ45414,2
ACV90842,2
ACV90832,2
AAD49040,2
AAP04505,2
ACL79921,2
BAN15753,2
ABU62866,2
AAT73538,2
AAT73536,2
AAT73544,2
AAT73554,2
AAT73559,2
ABJ16806,2
ABC70716,2
ABC87319,2
ABD32121,2
ABD32126,2
ABD46757,2
ABF50828,2
AAT73547,2
AAT73560,2
ACZ36505,2
ABU62865,2
ABU62867,2
ACT83222,2
ACU15381,2
AAT69356,2
AAT70179,2
ACZ45424,2
ACI22233,2
ACC63339,2
ACJ09916,2
ABY51324,2
ACJ09971,2
ACD56400,2
ACD56499,2
ACF76255,2
ABY51414,2
ACM18002,2
BAN15775,2
BAN15796,2
ABW97456,2
ABQ57375,2
AEF10490,2
AEJ90176,2
AEJ90177,2
ABB19392,2
ACV86849,2
ACV86859,2
AFQ90356,2
AFQ90499,2
AFQ90378,2
AFQ90422,2
ADA69403,2
AEF28847,2
ADF29684,2
AFQ90367,2
ACI22255,2
ACJ09982,2
ACJ10026,2
ACI16751,2
AEK65676,2
BAK18390,2
BAM36293,2
ACJ14957,2
ACJ15067,2
ACJ15078,2
ACJ15122,2
ACJ14880,2
ACJ14891,2
ACY79750,2
ACZ36532,2
ACY79746,2
AEK65229,2
AEK65218,2
CAQ63507,2
AFJ13002,2
AFJ12969,2
AAF87504,2
ABO52554,2
ADJ67493,2
AEN74792,2
AEN74803,2
AEA29083,2
AEN74814,2
ADW26574,2
ADW26575,2
ADW26576,2
ADE07059,2
ADE07060,2
ADE07061,2
ADE07062,2
ADE07063,2
ADE07064,2
ADE07053,2
ADE07065,2
ADE07068,2
ADE07069,2
ADE07070,2
ADE07071,2
ADE07072,2
ADE07073,2
ADE07074,2
ADE07075,2
ADE07076,2
ADE07077,2
ADE07078,2
ADE07079,2
ADE07080,2
ADE07081,2
ADE07082,2
ADE07083,2
ADE07084,2
ADE07085,2
ADE07087,2
ADE07088,2
ADE07090,2
ADE07091,2
ADE07092,2
ADW26570,2
ADE07055,2
ADE07056,2
ADE07057,2
ADE07058,2
ABI85214,2
ACY79780,2
ADU17567,2
ADU17556,2
ADU17524,2
AEA30217,2
ADU17513,2
ADU17502,2
ADU17491,2
ADU17480,2
AFJ12650,2
ACV90952,2
ACV90922,2
ABS70426,2
ACY79727,2
ACR09554,2
ACT84257,2
ACY79776,2
ACY79777,2
ABI33804,2
AFZ15768,2
AFU10301,2
ACV86819,2
BAE48319,2
BAI43453,2
ADG59487,2
ADG59561,2
ADG59491,2
ACR59531,2
ACT75689,2
ABV31914,2
ABV31915,2
ABV31937,2
ABV31938,2
ABV31958,2
AAT73546,2
ABB20397,2
ABB88319,2
ABO52070,2
ABO51905,2
ABI84826,2
ABM21981,2
ABP49260,2
ABI92191,2
ACV86829,2
ACV86839,2
AFP21057,2
AFY07203,2
BAM62234,2
ACY06612,2
AGG81919,2
ACR58996,2
ADQ20634,2
ADQ26650,2
CAQ64753,2
ACZ45447,2
ACK43337,2
ACI41088,2
ABB87655,2
ABB87666,2
ABB19928,2
ABB87516,2
ABB19139,2
ABB19666,2
ABB87439,2
ABB18486,2
ABB19811,2
ABB19733,2
ABB19846,2
ABB19161,2
ABB87977,2
ACX55333,2
ABI84421,2
AET75179,2
ABB19627,2
AET76491,2
AET78063,2
AGG26888,2
AET75016,2
AFX84493,2
AFM38821,2
AGG27019,2
ADK71133,2
ADK71144,2
AEM00970,2
AEM01003,2
AGE00634,2
AGD99771,2
AGE08042,2
ACF25468,2
ADH96314,2
ADT79293,2
ADT79303,2
ADT79313,2
ADT79406,2
ABB21793,2
ACM17925,2
ADH95756,2
ADH95789,2
ADH95811,2
ADH95855,2
ADH95866,2
ADH95877,2
ADH95899,2
ADT79633,2
ACT84173,2
ACT84309,2
AGE08248,2
AGE08259,2
AGE08270,2
AGG82144,2
AGG82168,2
AGG82216,2
AGG82228,2
AGG82276,2
AGG82300,2
AGG82312,2
AGG81697,2
AFP21387,2
AGG81946,2
AGG81988,2
AGG82432,2
AGG82506,2
AFP20953,2
ABO52180,2
ABO52521,2
ADW80436,2
ABQ01266,2
AEB39730,2
AEK66044,2
ABL75573,2
ABS89419,2
ABM21992,2
ABI48016,2
ABO76945,2
ABO51883,2
AGG81709,2
AGG82408,2
AFP21376,2
AFP21365,2
AFP21399,2
ACZ45297,2
ADT70712,2
ADH96325,2
ADH96369,2
ADH96380,2
ADT79266,2
ADU24542,2
ADT79578,2
AEG64783,2
ADT79611,2
ADT79488,2
ADT79498,2
AGE01043,2
AGE00406,2
AEM75238,2
AEM75271,2
AEM75282,2
AEM75304,2
AEM75533,2
AEM75546,2
AGE15505,2
AAA43137,2
AET74746,2
AGE09264,2
ADP95446,2
AEM75205,2
ABJ53580,2
AGE02635,2
AGE02650,2
AGE02651,2
ABB19660,2
ABB87483,2
AGG28512,2
AFU10279,2
AEM00337,2
ABO44210,2
ABO44232,2
BAM62243,2
ACZ45402,2
ACN39426,2
ADG59502,2
AFP36182,2
ACZ81509,2
ACX55917,2
AEM97788,2
AFQ90466,2
ACR49140,2
AGG53047,2
AGG53053,2
ABF01679,2
ABF01680,2
ACR49148,2
AAQ04938,2
ACF76873,2
AEO00204,2
AEF29978,2
ABI85074,2
AAT38885,2
ACX94279,2
ABX38824,2
ABW97467,2
ACF25722,2
AFQ90400,2
AAM69994,2
AAM70006,2
AAM69984,2
AAM69974,2
AAM69964,2
ABW94120,2
AEN68878,2
AEN68877,2
AEN68873,2
AEN68874,2
AEN68871,2
AFQ90433,2
ACR49144,2
ACZ45494,2
ACL79991,2
BAM62298,2
ACZ45430,2
AEE73580,2
ABF56620,2
ABF56629,2
ABF56638,2
ABB90239,2
AFJ12639,2
ABG38196,2
ACX61638,2
ABM21934,2
ACR49134,2
ACR49145,2
ACR49151,2
ACR49152,2
ACR49136,2
AEF59478,2
AEF59479,2
AEF59482,2
ADL57402,2
ACR58661,2
ADL57392,2
BAJ11927,2
CBW54832,2
CBW54831,2
AFO83083,2
AFW18412,2
AFW17408,2
ACZ45498,2
ADP69269,2
ACF25787,2
AAA43651,2
ACF25066,2
ADA69346,2
ADG59493,2
AAY52745,2
AET10153,2
ABK59030,2
ADG59478,2
ABI84544,2
CAF04463,2
CAQ65117,2
AFW18335,2
AFW18379,2
AFW18390,2
AFW17431,2
AFW18258,2
AFW18269,2
ACL80023,2
ACZ45500,2
ACG50703,2
AAY52746,2
AAT37560,2
AAW59395,2
AAW59387,2
AAY52747,2
AAY52749,2
AAY52748,2
AAY52750,2
AAY52751,2
AAY52752,2
AFJ19043,2
AFC98354,2
AFC98343,2
AET10163,2
AET10173,2
AAY52753,2
ABD14794,2
ABV31852,2
ABU63966,2
ABV31890,2
ABV31866,2
ADL62697,2
ACZ36521,2
ACZ45497,2
ACZ45519,2
ADG59496,2
ABF01676,2
ACY79800,2
AFQ90444,2
AFQ90455,2
AFQ90488,2
AAU00814,2
ABX10504,2
ABC74412,2
AEV40295,2
ABX10489,2
AAY52755,2
ABC74411,2
ACK43251,2
ACR56153,2
ABX10511,2
ABC74410,2
ADG59483,2
ACR56152,2
ACF76871,2
ACR56154,2
ACF76877,2
AAY52756,2
AAY52757,2
AEB71314,2
ACK43773,2
AAX53566,2
AAX53567,2
ACN39427,2
AAY52758,2
AAY52759,2
ADG59506,2
ACF76874,2
ACL11942,2
ACG58426,2
ACJ68809,2
ABI96708,2
ABB88389,2
BAM74041,2
ABB20304,2
ACZ36507,2
ACZ45432,2
ACZ45480,2
BAJ18034,2
BAJ18042,2
AFR53946,2
AEO92420,2
ACD88744,2
ACN39435,2
ACN39437,2
AAT90829,2
AAV48551,2
ABY50570,2
ABI94738,2
ABI94753,2
ABI94763,2
ABI96728,2
ABI96740,2
ABI96756,2
ABI98909,2
ADG59497,2
ACN39431,2
ADG59499,2
ACZ05934,2
ACN39438,2
ADG59500,2
ACZ05932,2
ADG43365,2
BAF37959,2
AFK10219,2
AFK10230,2
AFK10241,2
AGH55522,2
AEX91707,2
AEX91716,2
AEX91725,2
AEX91698,2
ACZ58135,2
ACV90503,2
ACZ45470,2
ACZ36498,2
ABI36019,2
ACT20722,2
AFO83372,2
ACR48889,2
ACB72452,2
AEZ67259,2
AEZ67248,2
AEZ67237,2
AEZ67226,2
AEZ67215,2
ABS50693,2
ABS50694,2
ABS50696,2
ABS50699,2
ACR48891,2
ACR48892,2
ABS50700,2
ABS50701,2
ABS50678,2
ABS50675,2
ACR48893,2
AEZ67281,2
ACR48894,2
ACR48895,2
ACR48890,2
ABS50680,2
ACA03240,2
ACR48897,2
ACR48898,2
ABS50684,2
ABS50685,2
ABS50687,2
ACR48899,2
ACR48900,2
ABS50689,2
ACR48902,2
ABR37406,2
AFR33897,2
AEK65924,2
ABS89342,2
ABI85162,2
ABO77088,2
ACZ45469,2
ABR37373,2
ABV01210,2
ABJ90244,2
ABJ90255,2
ABQ84724,2
AFV68708,2
ACL79956,2
ACZ45511,2
ACZ45507,2
ACL80007,2
AFQ37301,2
AFJ12716,2
AAY52762,2
ADG59489,2
ACI89446,2
ACF76875,2
AET10135,2
ABI96766,2
AFC98316,2
ABI97313,2
ADG59563,2
AAY52761,2
ABI98913,2
ABI98926,2
ABI97323,2
ABI98934,2
ABI97332,2
ABI97343,2
ABJ52560,2
ABJ52573,2
ABI98937,2
BAG80738,2
ADI34006,2
BAF46444,2
BAG80739,2
AFM47138,2
ADW26571,2
ADW26572,2
ACY06632,2
AER09557,2
ADV36590,2
AER09601,2
ACT97054,2
AER39798,2
AER39788,2
ACZ45569,2
ACD37770,2
ACD37780,2
ADQ43650,2
ADQ43659,2
ACT97056,2
AAV97607,2
ABO76706,2
ABV60446,2
ABF01677,2
ABF01675,2
ABD92952,2
ABC48790,2
ACA21562,2
ACA21573,2
ACA21584,2
ACA21595,2
BAD89322,2
ADG85811,2
AEN94584,2
BAH57970,2
ACR49492,2
ACR49514,2
ACR49525,2
ACR49404,2
ACR49437,2
ACH88856,2
ACR49448,2
ACH88889,2
ACZ45472,2
ADG59562,2
ADG59505,2
ADG59503,2
ACL79929,2
ADQ27988,2
ABF01668,2
AFW18456,2
ACZ36523,2
ACZ45496,2
ACZ45505,2
ACL79964,2
ACZ36520,2
ACZ36522,2
ACZ36519,2
ACZ45493,2
ACL80015,2
BAM62261,2
BAM62225,2
BAM62270,2
BAM62178,2
ACZ45508,2
ADI34002,2
ABU62859,2
ACL79937,2
ACF24965,2
ACF25500,2
ACF25564,2
ABU62858,2
ACF25074,2
ABW94116,2
ACF25702,2
ABU62862,2
ACK43342,2
ACF25038,2
ABU62856,2
ACF25111,2
ACY79788,2
ABB20203,2
ABB88161,2
ADB92069,2
ADB93858,2
AFR11200,2
BAG80741,2
ABK00117,2
ABI94590,2
AAR04359,2
BAG38696,2
ACZ45400,2
ACZ45406,2
ACF24921,2
ACZ45405,2
AFJ12771,2
ACS68402,2
AFJ12738,2
AFJ12804,2
ABR37439,2
ACC63328,2
ADQ27974,2
ACF24939,2
ABI84754,2
ACF25093,2
ACF76189,2
ABI84837,2
AEK65309,2
ABR37593,2
ACI22332,2
ACI22343,2
ACJ09960,2
ACF76266,2
ABR37615,2
AEK65353,2
ACC63350,2
AEK65364,2
ACF76343,2
ACC61897,2
ABI84876,2
ABY51491,2
AFJ12683,2
ACF22561,2
ACC61952,2
ABU62857,2
ACD56532,2
ABY51370,2
ACF22627,2
AFJ12727,2
ACL80024,2
ACF76398,2
ACF22638,2
ABU62860,2
AEK65527,2
AEK65537,2
ACM18046,2
ACJ09883,2
ACF76420,2
ADB25544,2
ABJ16905,2
ABJ16916,2
ABJ16883,2
ABJ16894,2
ABJ16861,2
ABV53477,2
ABV53537,2
ABV53557,2
ABV53577,2
ABV53487,2
ABV53587,2
ABV53517,2
ACD35882,2
ACD35904,2
ABF50829,2
ABI95337,2
CAQ58559,2
CAQ58561,2
CAK18555,2
CAK18557,2
ADG59515,2
AAY52765,2
ABO76702,2
BAF46514,2
BAF46424,2
BAF46454,2
BAF46464,2
ACF25099,2
ACF24944,2
ABW94129,2
ACF25087,2
ACD88680,2
ACD88702,2
ACF25117,2
CAC19697,2
ACJ03940,2
ABI85047,2
AAQ04930,2
AAQ04931,2
ADM31435,2
ACP50638,2
ACP50616,2
ACP50704,2
ACP50715,2
ACP50682,2
ACP50693,2
ACP50726,2
ACP50627,2
ACP50737,2
ABI85105,2
ACF25049,2
ABI85154,2
AFJ12672,2
CAQ57758,2
ACM17283,2
ACL79975,2
ACZ45503,2
ABF01678,2
ABF01673,2
BAM74040,2
AFW18302,2
ABR37417,2
ACZ45554,2
ACL79999,2
ACF25105,2
ACJ03951,2
ACX61658,2
ABI85067,2
ABZ10826,2
ABQ43816,2
ACA25326,2
AEM97768,2
ABI85116,2
ACZ45484,2
AGI41237,2
AEB71316,2
AEB71302,2
AEB71303,2
AEB71304,2
AEB71305,2
AEB71306,2
AFI73328,2
AAY52766,2
AAY52767,2
ADG59486,2
ADG59490,2
ADG59516,2
ACF76872,2
ACF76870,2
ACL11943,2
ACL11948,2
AEB71307,2
AEB71308,2
AEB71309,2
AEB71310,2
AEB71311,2
ADK35408,2
AEB71315,2
AEB71313,2
AEB71312,2
AAY52768,2
AGC74219,2
AGC74220,2
AGC74221,2
ACA47787,2
ACA47688,2
ACA47545,2
ACA47413,2
ADG59512,2
ABK34762,2
AFW18445,2
AEX30607,2
AAY52770,2
AAY52769,2
BAM62122,2
ADG59524,2
AEM97778,2
ADB93860,2
ABF01689,2
ACR49156,2
ACR49149,2
ABI95348,2
ABO44276,2
ACN37906,2
ACO53825,2
ACR49142,2
ACR49143,2
BAG80742,2
ABO76701,2
ACZ45510,2
ABD35796,2
ABD35803,2
ABD35808,2
ABD35797,2
ABD35790,2
ABD35804,2
ABD35794,2
ABD35786,2
ABD35798,2
ABD35800,2
ABD35777,2
ABD35801,2
ABD35787,2
BAH79556,2
ABD35788,2
ABD35789,2
ABD35782,2
ABR31769,2
ABR31780,2
AAG09038,2
ABD35809,2
ABD35795,2
BAH79564,2
AGI55748,2
AGI55770,2
AGI55691,2
ABD35775,2
ABD35791,2
ABD35792,2
AGH30618,2
ABD35806,2
ABD35778,2
ABD35779,2
ABF01690,2
AAX47277,2
AAX47278,2
ACY79806,2
ACF36775,2
ACE73591,2
ABC69213,2
ACF17936,2
ABC69229,2
ACF76876,2
ADG59498,2
AFR77953,2
ADZ45202,2
ADZ45213,2
ACX55905,2
ABO76707,2
ADI79237,2
ACN37896,2
ACO53815,2
ABI53725,2
ACZ45509,2
ACZ36518,2
ABV01133,2
ABS89375,2
ABV01144,2
ACZ45555,2
ABJ51749,2
ABJ53593,2
ABJ51738,2
AAT73553,2
ABJ51705,2
AAZ72946,2
AAZ72952,2
ACF76200,2
ACG58636,2
ABY51612,2
ACF76211,2
ACK99299,2
AEK65135,2
AEK65146,2
AAZ72951,2
BAK18412,2
ACJ15045,2
ACJ15056,2
ACJ14869,2
ACJ15205,2
ACJ15247,2
ACJ15258,2
ACF76222,2
AEK65157,2
ACK99310,2
ACY06601,2
ADB93859,2
ACZ81578,2
AEX40632,2
ACY06598,2
ADO65936,2
AEX40654,2
ACY06602,2
AEX40665,2
AEX40676,2
ACR49133,2
ADG59492,2
ADG59507,2
ADG59520,2
ADG59517,2
ADG59514,2
ADG59511,2
ADG59508,2
ADG59519,2
ADG59518,2
BAF46504,2
BAF46484,2
BAF46494,2
BAF46524,2
BAF46474,2
BAF46434,2
ACA48161,2
ACA48084,2
ACA48139,2
ABF50998,2
AEY75683,2
AEY75672,2
AEY75661,2
ACL12394,2
AET10144,2
ABS89452,2
ACC61886,2
ACA47798,2
CAC85079,2
BAJ18114,2
BAJ18098,2
BAJ18106,2
ABF69265,2
AGE09363,2
ADP13362,2
ADP07613,2
ACF74239,2
AFC60798,2
ACJ26304,2
ADQ20544,2
BAF37383,2
AGE02662,2
ACF32597,2
CCH50634,2
CCH50623,2
CCH50667,2
ADP06904,2
ADP07118,2
ADP07129,2
AEM53454,2
ADE75022,2
ACR58760,2
AFM83199,2
ADE75038,2
ABB19595,2
ABD91845,2
ACQ71985,2
BAD89342,2
ABI33811,2
ABJ16839,2
CAQ64754,2
CAQ64757,2
CAQ64760,2
CAQ64763,2
AGI02354,2
AGH30417,2
ABZ91682,2
ACZ45467,2
ACZ36512,2
AGB50883,2
ACZ45533,2
ACR66914,2
BAG80743,2
ADG59481,2
ADG59513,2
ABB88137,2
ABB20386,2
ACZ36496,2
AFQ90389,2
ACC69082,2
ACC69041,2
AFE03173,2
AFF59172,2
ADM95268,2
ACY79787,2
AFQ90411,2
ABI84587,2
AAR99633,2
ACV41558,2
ABB90230,2
ACR49137,2
AEF59483,2
ADD10554,2
AEF59453,2
AEV40296,2
AEF59454,2
AEF59456,2
AEF59484,2
AEF59457,2
AEF59458,2
AEF59459,2
AEF59460,2
AEF59461,2
AEF59462,2
AEF59464,2
AEF59465,2
AEF59466,2
AEF59447,2
AEF59467,2
AEF59468,2
AEF59475,2
AEF59450,2
AEK65718,2
ACU16740,2
ABJ16850,2
BAJ07693,2
BAJ07696,2
BAJ07695,2
AGB50959,2
ADA69339,2
ADA69356,2
ADA69363,2
ADA69381,2
ADA69414,2
ADA69425,2
ADC97078,2
AAT12001,2
ADG43350,2
ADG43494,2
ADG43493,2
ADG43349,2
AAT12002,2
AFF26297,2
AFF25890,2
AFF27299,2
ADG43361,2
AAT12003,2
AFF26308,2
AFF27410,2
AAT12004,2
AFF26319,2
AFF26330,2
AFF27421,2
AFF27432,2
AFF27310,2
ADG43360,2
AFF27321,2
AFF27096,2
AFF27142,2
ADG43359,2
AFF25923,2
AFF26275,2
AFF25934,2
ADG43356,2
ADG43363,2
AFF27107,2
AFF26385,2
AFF27175,2
ADG43354,2
AFF27188,2
ADG43353,2
AFF26286,2
ADG43362,2
AFF27118,2
AFF27332,2
AFF25967,2
AFF27391,2
AFF27225,2
AFF27343,2
ADG43352,2
AFF25978,2
AFF26451,2
AFF27264,2
AFF27275,2
ADG43351,2
AFF25879,2
ADP05194,2
AEF29009,2
AEF28857,2
ABI84597,2
AAT12005,2
AAT12006,2
AFK13873,2
AAT12007,2
AAW59405,2
AAT12008,2
ADG59504,2
AAT12009,2
AFJ19058,2
AFN66839,2
AAT12010,2
ABW95934,2
ABD14795,2
AFF26044,2
ADG43370,2
ADG43489,2
AFF26055,2
ADG43369,2
AFF25549,2
AAT12011,2
AFF26066,2
ABW95945,2
AFF25560,2
AFF25571,2
ADG43368,2
AAT12012,2
AFF25582,2
AAT12013,2
ABV31889,2
ADC97082,2
AAT12014,2
ADG43486,2
AFF26033,2
AEA35540,2
AFO83411,2
AFO83454,2
ABJ09473,2
AFF26077,2
AFF25604,2
AFF26088,2
AFF26110,2
AFF25626,2
AFF25593,2
ACY79794,2
ACZ36494,2
AEV40294,2
ACN39428,2
ACN39429,2
ACN39430,2
BAF41911,2
BAF56435,2
BAH03462,2
BAJ76645,2
BAF32964,2
BAK53497,2
ABB20334,2
ABB20282,2
ABI84464,2
ABB88297,2
ACZ45423,2
ABB20239,2
ABB20272,2
ABB88277,2
ABB20343,2
ABB88266,2
ACD12168,2
ACD12179,2
ACD12190,2
ACD12201,2
ABB20323,2
AAV97605,2
ABB20313,2
ABB20293,2
AFV33911,2
AFD62848,2
ACD88734,2
ACD88725,2
AFD62859,2
ACN39436,2
ADG59521,2
ACF16397,2
ABE28410,2
ABI94746,2
ABJ09483,2
ABJ98941,2
ADG59479,2
AFF26143,2
ADG43344,2
ACN39432,2
ACN39433,2
ACN39434,2
AFF25637,2
ADG59477,2
ACZ05933,2
ACN39439,2
ACN39440,2
ADG43506,2
AFF25648,2
ADG43367,2
ACA47897,2
ADG43490,2
ADG43419,2
ACN39425,2
ADG59494,2
ADG59488,2
ACA47908,2
ADG43485,2
ADN78257,2
ACZ05931,2
ADG43366,2
AEX91666,2
ACZ58122,2
ADU17036,2
ADU17047,2
ADU16992,2
ADU17058,2
ACJ14466,2
ACJ14477,2
ACC61831,2
AEK65984,2
ACJ14455,2
ABS89320,2
ABQ84718,2
ADB12381,2
AGB84767,2
AFP89312,2
AGB84850,2
AGB84839,2
AFR42682,2
AFF26154,2
AFF25659,2
ADG59509,2
ADK26580,2
ABD35805,2
AEK84619,2
ACU86994,2
ACU86995,2
ACU86990,2
ACU86982,2
ACY06635,2
AEK84616,2
ACU86983,2
AEK84617,2
ACY06636,2
ABW73773,2
AFQ60361,2
AAV97608,2
AER09733,2
AEI30016,2
AEI30007,2
AEK84621,2
AER09502,2
ACT97058,2
ACG80375,2
ADQ43660,2
AEI30019,2
ADM26546,2
AEI30026,2
AEI30028,2
ADM26545,2
AEI30023,2
ABD92960,2
ACF33771,2
ACZ36535,2
ACZ36534,2
AEN94632,2
AEN94640,2
AEN94648,2
AEN94668,2
AEN94599,2
AEN94676,2
AEN94610,2
AEN94687,2
AEN94698,2
AEN94709,2
AEN94783,2
AEN94805,2
ACR49536,2
ACR49393,2
ACR49415,2
ACJ15165,2
ACH88867,2
ACH88878,2
ACR49371,2
ACR49360,2
ACR49459,2
ACR49382,2
AEN95119,2
ABY81631,2
ACA61627,2
ABI84565,2
ACS68371,2
ACY79740,2
ABI84625,2
ABB21813,2
ABI84616,2
ACY79796,2
BAH03379,2
BAF57016,2
BAH03368,2
AAO65605,2
ABS70448,2
ABS70437,2
ACD88647,2
ACF24895,2
ABB20465,2
ACY79795,2
ACY79808,2
ABB88193,2
ABB20228,2
ABB20218,2
ABB20175,2
ABB88204,2
ABG27060,2
AAY52763,2
AGH25287,2
ADO17653,2
ADO17664,2
ACZ45403,2
AFJ12628,2
ABI84848,2
ABR37626,2
ACY79725,2
ACR09620,2
ACR09609,2
ACR09598,2
ACR09576,2
ACR09543,2
ACR09532,2
ACR09499,2
ACY79731,2
ACR09477,2
ACR09466,2
ACS68382,2
ACR09444,2
ACV90542,2
AEK65624,2
ACI16773,2
ACI22211,2
ABB20443,2
ABB20456,2
ACY79793,2
ABJ53536,2
ABV53567,2
ACY79798,2
ABY67928,2
ABH85397,2
ABB17275,2
ACV90562,2
ACX61647,2
ACY79737,2
ACF25711,2
ACF24885,2
ABF01683,2
ACV90712,2
ACV90702,2
ACY79736,2
AFJ13024,2
ACZ45456,2
ACY79792,2
ABB20482,2
ABB88358,2
ACR27185,2
ACR66934,2
AFJ12440,2
ADC97011,2
AAW72228,2
AAT12015,2
AAT12016,2
AFQ90551,2
AAT12017,2
AAT12018,2
AAT12019,2
AGI55554,2
AGI55555,2
AGI55553,2
AFO83466,2
ABJ09487,2
AFF26981,2
ADG43379,2
AFF26231,2
ADG43475,2
ADG43474,2
AFF26242,2
ADG43481,2
ADG43345,2
ADG43473,2
AFF25769,2
AFF26996,2
AFF25824,2
ADG43375,2
ADG43471,2
ADG43470,2
ADG43479,2
ADG43412,2
AFF27030,2
AFF26198,2
AFF27041,2
ADG43401,2
ADG43373,2
ADG43372,2
ADG43411,2
ADG43478,2
ACA47446,2
AFF26253,2
ADG43425,2
ADG43424,2
ADG43468,2
ADG43410,2
ADG43371,2
ADG43466,2
ADG43422,2
ADG43465,2
ADG43483,2
AFF26713,2
AFF26724,2
AFF26735,2
ADG43409,2
AFF26264,2
ADG43406,2
ADG43482,2
ADG43404,2
AFF26209,2
ADG43464,2
ADG43420,2
ADG43399,2
ADG43461,2
AFF26757,2
AFF26768,2
AFF26790,2
ADG43458,2
ADG43456,2
ADG43385,2
ADG43417,2
ADG43444,2
AFF26220,2
AFF26823,2
AFF26834,2
ADG43397,2
ADG43453,2
ADG43452,2
ADG43451,2
AFF26869,2
ADG43500,2
ADG43416,2
ADG43476,2
ADG43381,2
ADG43393,2
AFF25791,2
ADG43484,2
ADG43380,2
ADG43400,2
ADG43388,2
ADG43413,2
BAF93495,2
AEH04380,2
BAF37817,2
ACA61635,2
ACZ45520,2
AFQ90510,2
AFQ90477,2
AFE03190,2
ABD35774,2
ABD35785,2
ABD35802,2
AGH30607,2
AGI55760,2
AGI55726,2
AGI55841,2
AGI55703,2
AGH30585,2
AGH30639,2
AFE48433,2
ABD35799,2
ABD35807,2
ACF22440,2
AFO83267,2
AFO83261,2
AFO83262,2
AFO83269,2
AFH77049,2
ADZ45224,2
ACZ81498,2
ABB88378,2
AEA04440,2
AFE85368,2
ADF45444,2
ABY51513,2
ADR65104,2
ADT64867,2
AEK65298,2
AEK70410,2
ADF45455,2
AEK65209,2
ABX88831,2
AEI29187,2
ACV41448,2
ABJ51683,2
ABJ53569,2
AAZ72954,2
AAZ72953,2
ABJ16949,2
ABD14791,2
ACG58625,2
ACG58581,2
ACC63273,2
BAK18379,2
BAK18401,2
BAM78712,2
BAN04609,2
BAK18445,2
BAK18423,2
BAK18434,2
BAM42760,2
BAM42771,2
BAM36304,2
BAM36326,2
BAM36337,2
BAN14675,2
BAN04651,2
BAN04662,2
ACJ14847,2
ACJ14968,2
ACJ15012,2
ACJ15034,2
ACJ14858,2
ACJ15111,2
ACJ15144,2
ACJ15236,2
ACJ14902,2
ACI16729,2
ACY79786,2
AEI29205,2
AEI29196,2
AEI29214,2
AEB66926,2
ABG27055,2
ABG27050,2
ACZ53996,2
ABK32093,2
BAE07152,2
AFF26187,2
AFF25681,2
ACA48040,2
ACA48172,2
ACA48051,2
ADG59484,2
ACH85384,2
ACA48106,2
ACH85395,2
ACA48117,2
BAJ83297,2
BAJ83319,2
BAJ83363,2
AEO08987,2
AEO08976,2
AEO08954,2
AEO08965,2
AFI73270,2
AFI73259,2
AFI73292,2
AEO52369,2
AEO52319,2
AEO52309,2
AFM08982,2
AAT12021,2
ABJ09505,2
ABW23596,2
ADQ20623,2
AFP99800,2
ACF25628,2
ABR37450,2
ACG59937,2
ACF25081,2
ABX88820,2
AER09524,2
AER09689,2
ACD84807,2
ACI62842,2
ABI84989,2
ACS89012,2
AAA43654,2
ABB19922,2
ACY78024,2
ACY78068,2
ADP07591,2
ADP06993,2
AEK50561,2
AEK49773,2
ACQ83039,2
AEK49791,2
ACE76544,2
AGE00744,2
AEM75954,2
AGE03491,2
AGE08325,2
AGE08303,2
ACU15449,2
ABI95183,2
ADU20349,2
AGE00417,2
ABQ81814,2
ACZ45413,2
AGB98402,2
AGB98193,2
ABI33805,2
AEV40297,2
ABJ09510,2
AAD51922,2
AAK72397,2
ADG59501,2
AFK13940,2
ABJ09525,2
ABB20254,2
ACZ45421,2
ABB88288,2
ACZ45417,2
ACZ45418,2
ACZ45420,2
ACZ45477,2
ACZ45476,2
ADG59522,2
ACJ24950,2
ACJ14488,2
AFC98317,2
ABJ09535,2
ABO76704,2
ABI85057,2
ACF25489,2
ACF25522,2
AFK13962,2
ADG43449,2
ADG43431,2
ADG43492,2
ACA47468,2
ADG43441,2
ACZ81487,2
ACZ45428,2
ABD14792,2
ACH85406,2
ACH85450,2
ACH85461,2
ACH85516,2
BAJ83330,2
BAJ83352,2
BAJ83374,2
ABB20361,2
ABB20371,2
ABB20380,2
ADG59480,2
ADG44984,2
AEM75667,2
ACF74229,2
AGD99723,2
ADP07882,2
AEK50594,2
AEK49813,2
ACQ83050,2
ABB17274,2
ACT75678,2
ABG75625,2
ACQ83017,2
ACV90612,2
ACY79749,2
ACV90982,2
ACV90882,2
ABB87810,2
ABB87409,2
AFX84867,2
ACX55355,2
AEK49742,2
AEK49720,2
AEK52494,2
AEK50550,2
AGE09286,2
AEK50704,2
AEK49698,2
AEK49709,2
AEK50528,2
AGE09275,2
ADA82122,2
ADU16006,2
ADU16061,2
ADU16443,2
ADU56777,2
ADU17414,2
ACF25457,2
ACF33760,2
ACZ45274,2
ADT79556,2
ACS92936,2
ADT79600,2
ADM80398,2
ADT79666,2
AGG82918,2
AFP20941,2
AFP20892,2
AFP20904,2
AFP21112,2
ABO52653,2
ABO52543,2
ABO52664,2
ABO52444,2
ABM21959,2
ABI30366,2
ABO52455,2
ADW80414,2
ABL75584,2
ABQ01277,2
ABI92213,2
ABP49249,2
ABG88222,2
ABL67230,2
ABP49282,2
ABI95205,2
ABO52488,2
ABL67241,2
ABI95194,2
AGG83752,2
AFP20968,2
AFU10258,2
ACJ26293,2
ADE75049,2
BAJ18026,2
BAJ18082,2
ABR37384,2
ACF25755,2
ACF25553,2
AFJ12760,2
AFJ12694,2
AFJ12749,2
AFJ12793,2
ACS68412,2
ABI84775,2
ABI84765,2
ACS68392,2
AFJ12782,2
ABK40104,2
AAA43122,2
AFX85765,2
ABB20516,2
ABI84576,2
AAA43123,2
AEB66915,2
ABB21771,2
ABV56237,2
AGB98380,2
ABB19830,2
ABB19649,2
ABB17735,2
AFX85165,2
AGG26971,2
AFY09630,2
ABB87365,2
AFX84988,2
ABB18139,2
AEB71112,2
ABB19908,2
ABB87355,2
ADQ20656,2
AET75082,2
ABB19476,2
BAM66238,2
BAM66278,2
ABB19821,2
AGG26959,2
AFX83993,2
AFJ13423,2
AFX85010,2
AGG27441,2
AFX84823,2
AET74768,2
AET74812,2
AGG27007,2
AFX85534,2
AFJ13445,2
ACM18035,2
ABB19491,2
AEK66087,2
AFX88509,2
ACM18024,2
AGG28103,2
AGG28132,2
AFX85154,2
ACR59586,2
AET74972,2
ABB20095,2
ABB19793,2
ACZ45355,2
AFX84757,2
ABB19065,2
ABB17691,2
ABB17746,2
ACJ04570,2
ACI90132,2
ACK28191,2
ADR00834,2
AGG81907,2
ACZ54017,2
AET76376,2
AEM75965,2
AEM75645,2
ACJ26271,2
ACJ26282,2
AFX81868,2
AGE07965,2
AGE07987,2
ABL67142,2
ABO52092,2
ACJ26348,2
ACN39332,2
ABB19172,2
ABB19692,2
ABB19736,2
ABB87538,2
ABB19238,2
ABB87527,2
ABB87761,2
ABB19801,2
ABB18401,2
ABB87472,2
ABB18961,2
ABB87966,2
ABB87173,2
ABB19722,2
ABB86795,2
ABB19472,2
ABB86806,2
ABB19988,2
ABB19194,2
ABB88065,2
AAT65236,2
ABB87571,2
ABB87710,2
ABB19774,2
ABB87928,2
ABI84410,2
ABB88109,2
ABB87560,2
ABB17713,2
ABB19711,2
ABB87603,2
ABB87625,2
ADW26573,2
ABI84636,2
ABQ45370,2
ABI84815,2
ABI84865,2
ABI84947,2
ABI84805,2
ABI84904,2
ABI84937,2
AGG83881,2
AFY07154,2
AFY06018,2
AFY06260,2
ABB88076,2
ABB88021,2
ABB19584,2
ABB87461,2
ABB19857,2
ABB88010,2
ABI92268,2
ADG85812,2
ADG85834,2
ADG85843,2
ADG85844,2
ADG85831,2
ADG85813,2
ABL67109,2
ABJ09128,2
ACU26313,2
AET74444,2
AET74445,2
ABB87938,2
AET74705,2
AET74461,2
AEK70453,2
AET76502,2
ACX55322,2
ABB19754,2
AGG27520,2
AET75212,2
AET75416,2
ADC44119,2
AFX85729,2
ABI84443,2
AFX88528,2
AET77921,2
AET77932,2
AET74856,2
ABB18079,2
AGG28260,2
AGG28272,2
AGG28560,2
AET74823,2
AET77967,2
ADQ92689,2
AGG28572,2
AFX84669,2
AET76612,2
AFX84702,2
AGG27043,2
AET77562,2
AET77563,2
AET75460,2
AET77230,2
AET75966,2
ABB87750,2
AGG27055,2
AET75071,2
AGG27067,2
AET75381,2
AET75060,2
ABB17823,2
AFJ13148,2
ABB18035,2
AFX84911,2
AGG28284,2
AFJ13159,2
AGG28296,2
ABB88043,2
AET77574,2
AFX85754,2
AET77596,2
AET77076,2
AET75190,2
ADQ92657,2
AET77621,2
ADQ92668,2
AET77241,2
AFX85087,2
AET77208,2
AET77023,2
AGG27103,2
AAY87439,2
AAY87440,2
AET76645,2
AFJ13302,2
ABB87248,2
AET77687,2
AFX84856,2
AET77263,2
AET80024,2
AFX84801,2
AGG28500,2
AFX84017,2
AGG27484,2
AET77780,2
AFX84449,2
AFX85468,2
AET77747,2
AET77791,2
ABB87728,2
AET78004,2
AFJ13313,2
ABB19150,2
ABB87238,2
AET76469,2
AFJ12472,2
AFX84460,2
ABB19896,2
AFJ13123,2
AET75933,2
AFX84046,2
AET78027,2
AFJ13335,2
AET75234,2
ABB19617,2
AFJ13291,2
AET78038,2
AET75366,2
AET77098,2
AET75005,2
AET74656,2
AFX85021,2
AFX84172,2
AFX84173,2
AET78232,2
ABB19517,2
AET75977,2
ABB19528,2
ABB19877,2
AFJ13181,2
AET78184,2
ABB87259,2
AET75245,2
AFX84482,2
AET78254,2
AGG26636,2
AGG28380,2
AFX88602,2
AGG28692,2
AFX84089,2
AET75027,2
AET75267,2
ABB87450,2
AGG28416,2
AET77459,2
AGG28584,2
ABB19685,2
AGG26649,2
AGG27508,2
AET74518,2
AFJ13236,2
AET75049,2
ABB18090,2
AFJ13137,2
AFJ13247,2
AGG28464,2
ABB17702,2
AGG27496,2
ABB19561,2
ACV90822,2
ACY79754,2
ACV90812,2
AGB51333,2
AFJ12405,2
ACX55311,2
AEL89188,2
ACX55289,2
ACX55300,2
AEK65881,2
AEK50185,2
AEK49432,2
AEK49452,2
AEK50196,2
AEK49484,2
AEK50207,2
AFV80696,2
AEK50946,2
AEK50968,2
AFK75385,2
AEK51001,2
AFK75187,2
AFK75198,2
AFK75124,2
AFK75220,2
AFK75135,2
ADP06914,2
AGE09319,2
AGE08656,2
AGD99687,2
AGE08722,2
AGE08821,2
AGD99698,2
AGE08832,2
AGE08887,2
AGE08898,2
AGE08920,2
AGD99711,2
AGE08953,2
AGE09041,2
AGE09110,2
AGE09132,2
AGE09143,2
AGE09154,2
AGE09253,2
AFK75275,2
AFK75319,2
ADD25328,2
ACZ45411,2
AEK50924,2
AEK50836,2
AEK50847,2
AEK50715,2
AEK50858,2
AEK50748,2
AEK50759,2
AEK50781,2
AEK50891,2
AEK50902,2
AEK50913,2
AEK50792,2
AEK50803,2
AEK49976,2
AEK49324,2
AEK49998,2
AEK50009,2
AEK50020,2
AEK50031,2
AEK50693,2
AEK50660,2
AEK50671,2
AEK50053,2
ACQ83291,2
AEK50075,2
AEK49346,2
AEK50097,2
AEK49355,2
AEK50141,2
AEK49377,2
AEK49410,2
AEK50174,2
AEK49421,2
ADA82111,2
ADN34714,2
AEB89850,2
AEB89872,2
ADZ75334,2
AEB89883,2
AFH41201,2
ADZ75323,2
ABP49238,2
ABB83590,2
ADA69370,2
ADA69392,2
ACS89001,2
ABQ81824,2
BAI48888,2
ABW21644,2
ABW21674,2
ABW21664,2
ABW21654,2
ACV90652,2
ADU20360,2
ADU17659,2
AGE00576,2
AGE00799,2
AGE07932,2
AGD99749,2
AGE07899,2
AGE07910,2
AGE07921,2
AGE00612,2
AEM75157,2
AEM75168,2
AEM75557,2
AEM75486,2
AEM75987,2
ACY79742,2
ACV90962,2
AGB98226,2
AGB98237,2
AGB98248,2
AGG25418,2
AGG25430,2
AGG25442,2
AGG25786,2
AGG23655,2
AGG23668,2
AGG25918,2
AGG23683,2
AGG25990,2
AGG26074,2
ACQ82985,2
ACQ82875,2
ACQ82919,2
ACQ82832,2
ACQ82854,2
ADU16674,2
ADU16498,2
ADU16904,2
ADU15995,2
ADU16652,2
ADU16017,2
ADU16028,2
ADU16531,2
ADU53152,2
ADU16608,2
ADU16553,2
ADU16564,2
ADU53191,2
ADU16915,2
ADU53208,2
ADR00687,2
ADR00727,2
ADR00767,2
ACV41690,2
ADU17003,2
ADR00800,2
ADU17469,2
ADU16926,2
ADR00745,2
ADU53398,2
ADU53624,2
ADU53217,2
ADU56797,2
ADU17157,2
ADU53426,2
ADU17299,2
ADU53464,2
ADU53473,2
ADU53120,2
ADU56767,2
ADU17447,2
AGB98160,2
ADU16718,2
ADU56732,2
ADU16849,2
AGB98044,2
AGB98012,2
AGG23788,2
AGG26289,2
AGG26520,2
AGG23740,2
AGG26544,2
AGE08009,2
AGE08031,2
AGE03436,2
AGE03447,2
AGE03458,2
AEM75350,2
ABQ84728,2
ABY26161,2
ABQ84729,2
ABQ84727,2
ACI16707,2
ADG43343,2
ADG43341,2
ADG43348,2
ADG43504,2
ADG43402,2
ADG43346,2
ADG43391,2
ADG43488,2
AER09409,2
AER09419,2
ACN39319,2
ACP43601,2
ACU86997,2
AFL56746,2
ACG59893,2
ACG59883,2
ACI41077,2
ACF33652,2
ACI41066,2
ACF25205,2
ACK43360,2
ACF25216,2
ACF24995,2
ACF33662,2
ACI41055,2
ACF25183,2
ACF25194,2
AFJ12551,2
ACX55564,2
ABQ12376,2
ABG88888,2
ACF25161,2
ACF25128,2
ADW80249,2
ACG59862,2
ADW80326,2
ABO76978,2
ABO52620,2
AEL23178,2
ABY51579,2
ABO52675,2
ACS68361,2
ABS70315,2
ABS70336,2
ABO51982,2
ABX88809,2
ACS68351,2
ABS89386,2
ACG59852,2
ABO76989,2
ACS68340,2
ACS68329,2
ACM66740,2
ACM66729,2
ACM66718,2
ACZ45596,2
ACM66707,2
ACZ45593,2
ACY79829,2
ACY79831,2
ACZ45603,2
ACY79832,2
ACD85153,2
ABS70357,2
ABS70366,2
ABS70410,2
ABS70421,2
ACI41010,2
ACZ45572,2
ACS68318,2
ABO51971,2
ADW80458,2
ACI40988,2
ACS68307,2
ABO76956,2
ABO52598,2
ABO52576,2
ABO52587,2
ABS89408,2
ABR37494,2
ACZ45585,2
ABO51861,2
AEB39741,2
ADW80469,2
ADW80480,2
AEB66743,2
ABO52015,2
ACM66784,2
ABP49597,2
ACZ45588,2
ACZ45589,2
ACZ45590,2
AEB41016,2
AGC73004,2
ACV90942,2
ACF25259,2
ACF25248,2
ACZ45341,2
ACK43400,2
ACK43370,2
ACZ45336,2
ACZ45342,2
ACZ45277,2
ACZ45340,2
ACF24988,2
ACZ45326,2
ACZ45343,2
ACF25004,2
ACZ45288,2
ACZ45347,2
ACZ45287,2
ACK43375,2
ACZ45348,2
ACZ45324,2
ACV90972,2
ACZ45279,2
ACF25011,2
ADH96237,2
ADH96248,2
ADT79338,2
ADT79567,2
ADT79353,2
ACS92947,2
ADT79398,2
ADT80628,2
ADT79453,2
ACT84359,2
ACT84364,2
ACN86710,2
ACT84662,2
AGE03086,2
AGE08193,2
AEM76571,2
AEM76582,2
AEM76593,2
AEM76652,2
AEM76674,2
ACY79751,2
AGE08314,2
AGE08347,2
AGE08281,2
AGE08623,2
AGE03199,2
ACA04617,2
AEM76472,2
AEM00348,2
AEM75373,2
ABO52411,2
ABP49304,2
ACZ45408,2
ACZ45524,2
ACV90532,2
ACY79764,2
ACY79765,2
ACY79766,2
ACY79767,2
ACY79769,2
ACY79768,2
ACY79770,2
ADQ20584,2
ADE75107,2
ADE75098,2
ACU15314,2
ACU15050,2
AFM83232,2
ADE75060,2
ACR59553,2
ABB21751,2
ADE75078,2
AFM82602,2
ACR58584,2
ADE75088,2
ACU15583,2
ADQ20601,2
ACU15259,2
ACR59575,2
ADQ20533,2
ACU15192,2
AFM83210,2
ADI88867,2
ACR58595,2
ADQ20523,2
ACR59564,2
AFM83177,2
ADQ20592,2
ADQ20689,2
ADI88878,2
ADE75247,2
ADQ20573,2
ADQ20553,2
ADQ20645,2
AGG82810,2
AGG82846,2
AGG82863,2
AGG82930,2
AGG82954,2
AGG81748,2
AGG83332,2
AGG83846,2
AGG83919,2
AGG84033,2
AGG84125,2
AFY07110,2
AFY05929,2
AFY06480,2
AFY05877,2
AFY05918,2
AFY06370,2
AFY05751,2
AFY07132,2
AFY05940,2
ABI84794,2
AGB50872,2
ABI84783,2
ADR66444,2
ADF45466,2
ADR66421,2
ACV41602,2
ADR65360,2
ADR66048,2
ADR66055,2
ADR66063,2
ADR66192,2
ADR66407,2
ACO95722,2
ADR65393,2
ADR66040,2
ACZ45299,2
CCH50645,2
CCH50656,2
AGG82990,2
AGG83038,2
AGG84177,2
AFY06126,2
ABQ43786,2
ACH43177,2
AGC73979,2
ABL75595,2
AGC73026,2
AGC70837,2
AGC72917,2
AGC72928,2
AGC72939,2
AGC70826,2
ABO52191,2
AGC73059,2
AGC73729,2
AGC73180,2
AGC73191,2
AGC73741,2
AGC73423,2
AGC73919,2
AGC73486,2
AGC73809,2
AGC70869,2
AGC70871,2
AGC73235,2
AGC73070,2
AGC73224,2
AGC73246,2
AGC73449,2
AGC73048,2
AGC73092,2
AGC73776,2
ABO52125,2
ABO52499,2
ABO52202,2
AEK66055,2
ADA82188,2
AEM76505,2
AEM76527,2
ABI92257,2
ABG88211,2
ABR37461,2
ABP49271,2
ABO52510,2
ABO52686,2
ABO64353,2
ABO52466,2
ABO52158,2
ABO52169,2
ABI92246,2
ABK40644,2
ABI48027,2
ABG88233,2
ABL67032,2
ABI95216,2
ABL67043,2
ABI92235,2
ACK43327,2
ABI92202,2
ADW80271,2
ACM66806,2
ACM66795,2
ABO52400,2
ABL67252,2
ABP49216,2
ACV90902,2
ABO51839,2
ADW81972,2
ABG88266,2
ABJ16586,2
ABO51894,2
ADW80315,2
ADA82144,2
ABO52004,2
ABO51872,2
ABO51916,2
ABP49585,2
ABI48005,2
ABO51927,2
ABO51850,2
ABO51938,2
AEM53415,2
ACZ45594,2
ACZ45578,2
ABO51960,2
ACZ45586,2
ABP04030,2
ABI92224,2
ABI97497,2
ABO52565,2
ABG88244,2
ABL67153,2
AEK70482,2
AEK70471,2
AEK70493,2
AEK65751,2
AEK70730,2
AFJ13090,2
ACV91042,2
ACZ36525,2
AEA92615,2
ADK92723,2
ADK70131,2
AFJ13225,2
AAY87422,2
AAY87429,2
ADK61179,2
AFJ12573,2
AFP21421,2
ACV41492,2
ACX55421,2
ACX55443,2
ACV41503,2
ACX55454,2
AEK65817,2
ACX55410,2
ACV41514,2
ACX55487,2
ACX55498,2
AEK65795,2
ACX55520,2
ACX55531,2
ACX55377,2
ACX55388,2
AFJ12859,2
AFJ12420,2
ABU53955,2
ABQ23871,2
AET11796,2
AFJ12429,2
AFJ12892,2
ACN65650,2
AFM83111,2
AFM83122,2
ADE75118,2
AFM82813,2
ACU15121,2
ADE75155,2
ADE75162,2
ACR58705,2
ADE75171,2
ACZ45528,2
AFM83133,2
ADE75199,2
ADE75210,2
AFM83011,2
ADE75221,2
AFM82846,2
ADE75236,2
AFM83257,2
ADE75279,2
AFM78546,2
AFM83243,2
ADE75257,2
ADE75268,2
ACR58738,2
AFM82565,2
AFM82554,2
AFM82857,2
AFM83067,2
ADQ20564,2
ADE75330,2
ADE75301,2
ADE75312,2
AFM83000,2
AFM83100,2
ADE75339,2
ACN65673,2
ACN65662,2
ABI84733,2
ACF25043,2
ACF25479,2
ACV42650,2
ADP07228,2
ADP07239,2
ADP07250,2
ADP07283,2
ADP07437,2
ADP07657,2
ADP07668,2
ADP07701,2
ADP07723,2
ADP07816,2
ADP07827,2
ADP07838,2
ADP07066,2
ADP07849,2
ADP07075,2
ACV90632,2
ACV90642,2
ADU33162,2
ADU17626,2
AGD99804,2
AGE00667,2
AGE01010,2
AGE00700,2
AGE00369,2
AGE02739,2
AGE02750,2
AGE02761,2
AGE02796,2
AGE03020,2
AGE03031,2
AGE03042,2
AGE00430,2
AGE03132,2
AGE03143,2
AGE03154,2
AGE03053,2
AGE00832,2
AGE00843,2
AEM75855,2
AEM75227,2
AEM75712,2
AEM75723,2
AEM75260,2
AEM75293,2
AEM75249,2
AEM75767,2
ACZ45415,2
AEM75778,2
AEM75789,2
AEM75800,2
AEM75656,2
AEM75679,2
ACZ45416,2
ACY79743,2
ABF22672,2
ACF36834,2
ACI40921,2
AFE03151,2
ABQ84737,2
BAI44482,2
ACY79797,2
ACY79784,2
ACY79791,2
ACY79804,2
ACA04518,2
ACY79802,2
BAM36133,2
BAM85840,2
BAM99989,2
BAM36144,2
BAM36155,2
BAK39618,2
ACJ24961,2
ACS68467,2
ACZ36526,2
ADQ20667,2
BAH97327,2
ACU26269,2
ACU26280,2
AET77989,2
AFX86164,2
AGE09308,2
AFK75341,2
ACY79744,2
ACY79752,2
ACY79759,2
AEK49855,2
AEK50649,2
ACJ04594,2
ACE76621,2
ACV90732,2
AGE00589,2
AGE00590,2
ACZ45412,2
ACQ82821,2
AGB98259,2
AGC03267,2
AGB98033,2
AGB98292,2
AGG25564,2
AGG25588,2
AGG25846,2
ACO25318,2
ADU16696,2
ADU16520,2
ADU53170,2
ADU16050,2
ADU56674,2
ADU16597,2
ADU16663,2
ADR00943,2
ADU16937,2
ADU24532,2
ADU17069,2
ADU33151,2
ADU53043,2
ADU20272,2
ADU53613,2
ADU53418,2
ADU17266,2
ADU53065,2
ADU17321,2
ADU17354,2
ADU53493,2
ADU53508,2
ADU17403,2
ADU53109,2
ADU53675,2
ADU56787,2
ADU53379,2
ADU53634,2
ADU53708,2
ADU53350,2
AGG26240,2
AGG26241,2
AGG26499,2
AGG23824,2
AGG24092,2
AGG24020,2
AGG23578,2
AGG23590,2
AGG26173,2
AGG26365,2
AGG26556,2
ACY79741,2
AEM76494,2
ADP07305,2
ACV41547,2
ACT84319,2
ACT84329,2
ADE75357,2
ACZ45351,2
ACV90872,2
AGE01032,2
AEM75921,2
AEM75811,2
ACY79738,2
ACU26302,2
ACU26368,2
ADR00856,2
ACV41706,2
AGE00499,2
AGE00513,2
AGE08086,2
AEK50385,2
AGE09297,2
ADP06972,2
ADP07481,2
ADP07514,2
AGE08667,2
ADP07558,2
AFK75264,2
AFK75352,2
ADP07569,2
ADP07926,2
AEK50262,2
AEK49523,2
AEK50273,2
AEK49545,2
AEK49567,2
AEK50317,2
ACE76533,2
ACQ83072,2
ACF47405,2
AEK50418,2
ACF47427,2
ACF47449,2
ACF74208,2
ACF74219,2
ACE76577,2
AEK50429,2
ACQ83094,2
ACJ04605,2
ACE76610,2
ACQ83105,2
ACF74249,2
ACQ83138,2
ACF74258,2
ACQ83061,2
ADP95471,2
ADA82089,2
ACV41580,2
ADA82100,2
ADU20485,2
AGE00473,2
AEM75181,2
ACO25296,2
ACQ82941,2
AGG25687,2
AFR46650,2
ACQ82886,2
ACQ82930,2
ADR00811,2
ADR00716,2
ADR00845,2
ADU53331,2
ADR00778,2
ADU16959,2
ADU53087,2
ADV16336,2
ADU56757,2
AGB98171,2
AGG23764,2
AGG24128,2
ADU20283,2
ADU20294,2
ADU17615,2
AGE03108,2
AGE08204,2
AGE08215,2
AEM76538,2
AEM76626,2
AGE03210,2
AGE03223,2
AGE03235,2
AGE03257,2
ADQ26672,2
ACZ45396,2
ABO52136,2
ABL67851,2
ACF25446,2
ADP07316,2
ADP07338,2
ADP07349,2
ADP06961,2
ADP07360,2
ADP07371,2
ADP07382,2
ADP07404,2
AGE02728,2
AEM75833,2
AEM76461,2
AGE08108,2
BAG80752,2
ABO33639,2
ABO33651,2
ABL67823,2
ABL67777,2
ABO33640,2
ABL67801,2
ABO33644,2
ABO33645,2
ABL67812,2
ABO33657,2
ADK22480,2
ADK22484,2
ADK22483,2
ADK22481,2
ABS50695,2
ABO45258,2
ABJ90222,2
ABJ16872,2
AAQ04929,2
AFM08887,2
AFM08876,2
AFM08865,2
AFM08854,2
AEB26723,2
BAB39505,2
BAB39506,2
AFK73116,2
AFK73126,2
ACA47765,2
ACA47600,2
ABD35781,2
ADA82133,2
ABS89529,2
BAH95849,2
BAJ83418,2
BAK24090,2
AAT73579,2
ACJ26128,2
ACJ26370,2
CAD20321,2
CAC85078,2
CAC85073,2
BAJ18074,2
ACF25646,2
ABB21803,2
ACA47776,2
ACA47710,2
ADG59564,2
BAJ18090,2
ACR49345,2
ABB21782,2
ABB90202,2
BAG80749,2
BAK08642,2
ABB19205,2
ABB19539,2
ABB19550,2
ABB87420,2
ABB87999,2
ABB87636,2
ABB87428,2
ABB19082,2
ABB19010,2
ABL67087,2
ABG88288,2
ABB87739,2
ABB19935,2
ABB19071,2
ABB87799,2
ABB19638,2
AFJ13170,2
ABB20085,2
ABI84915,2
ABB19381,2
ABK79947,2
AEM53440,2
ABI92279,2
ADW80304,2
AEB40992,2
ABO76923,2
ABI20825,2
ABL67120,2
AEM53427,2
AET75311,2
AET74834,2
AGG27465,2
AFX84626,2
ABB19436,2
ABB19117,2
ABB88032,2
AFJ12461,2
AGG27127,2
ABB87688,2
AET76458,2
ABB17680,2
AET77001,2
AET75300,2
AFX84955,2
BAJ14569,2
ABW23609,2
ABW23585,2
AEK84611,2
ACY79822,2
ACF25172,2
ABG88277,2
ABI95172,2
ABK80013,2
ABR28536,2
ABR15796,2
ABM22058,2
BAJ08828,2
BAJ08829,2
BAJ08831,2
ACZ45398,2
ABM21933,2
ABV31936,2
CAC85074,2
BAJ18018,2
BAJ17978,2
BAJ17986,2
BAJ18002,2
BAJ18010,2
BAJ17994,2
CAC85076,2
CAC85077,2
BAJ18058,2
BAJ18066,2
ACD88691,2
AEA04429,2
ABO44199,2
ABR37395,2
ABO77033,2
ABV01199,2
AFK13951,2
AEJ31942,2
AEJ31953,2
ACF24949,2
BAG80745,2
ABB90192,2
ABB88172,2
ACV90552,2
ACF76464,2
BAG80740,2
ABC69221,2
BAM74042,2
AEK65199,2
ABF01674,2
ACR49135,2
ACV86869,2
AGG27333,2
ACZ45301,2
ACZ45302,2
ACZ45300,2
ACZ45278,2
ABB87843,2
AFX84371,2
AGG26623,2
AGG26624,2
ACN86488,2
ADT79360,2
ABX88842,2
ABI84488,2
ABB20423,2
ABX88864,2
ACT36601,2
ABB90181,2
ABB87505,2
ABB19995,2
ABB20020,2
ACX55366,2
AET78140,2
ACF24954,2
ACF25657,2
ACF47504,2
AFP20880,2
AGG81847,2
AGG81883,2
ACU26258,2
AEK65762,2
AEL22833,2
AEL22844,2
ADK78181,2
AFF60772,2
ADK78192,2
ADK78203,2
AEM75326,2
ACV86879,2
ADQ27999,2
ACF25369,2
ABB19839,2
ABB87832,2
AGG26995,2
ACG59841,2
ACD76871,2
ACK99387,2
AFX85176,2
AGG27408,2
AET75566,2
AFX85986,2
AFX85187,2
ACK99398,2
AET75589,2
AFX84117,2
AFJ13456,2
AFX85589,2
AET76447,2
AET74605,2
AFX85997,2
AET76535,2
AET74617,2
AGG27271,2
AFJ12483,2
AFX84999,2
AET75666,2
AGG27297,2
AFX86008,2
AGG26714,2
AET74478,2
AET75715,2
AFJ13467,2
AFX88636,2
AGG27428,2
AGG27429,2
AET74546,2
AFX85270,2
AFX85281,2
AET75201,2
AET76590,2
AFX85303,2
AFX84812,2
ACO95667,2
AET76601,2
AGG26592,2
AFX85369,2
AET74790,2
ACM18057,2
AET74801,2
AGG27633,2
AFX84933,2
AFX84977,2
AFX85479,2
AFX83982,2
AFY09615,2
AFX85490,2
AET75505,2
AET75506,2
AGG28144,2
AGG26826,2
ADQ92592,2
ABI85182,2
ACZ45286,2
ACZ45290,2
ACZ45305,2
ACF25020,2
ACZ45309,2
AET74939,2
AET74961,2
AET74391,2
AET74392,2
AFX84261,2
ACZ45282,2
AFX88498,2
ACV89737,2
ADQ92614,2
ABI85193,2
ACZ45283,2
AET74883,2
ACZ45284,2
ACZ45383,2
ACZ45306,2
ACZ45377,2
ACS68444,2
ACY79813,2
ABB88131,2
ACN86434,2
ACT84547,2
ACN86632,2
ACT84581,2
ACF25303,2
ACF25347,2
ACF33749,2
ACF33738,2
ABB20059,2
ACZ45315,2
ACZ45317,2
ACZ45291,2
AET74410,2
AGG26663,2
AGG26664,2
ACZ45295,2
ACZ45356,2
AET74432,2
AFX84427,2
ABB87614,2
ACZ45360,2
ACZ45382,2
ACS68455,2
ACZ45379,2
ACZ45389,2
ACF25238,2
ACZ45391,2
ACZ45316,2
ACZ45393,2
ABB87313,2
ACZ45320,2
ACZ45322,2
ACZ45289,2
ACY79817,2
ACZ45329,2
ACT84404,2
ACN86452,2
ACN86536,2
ACT84476,2
ACN86620,2
ACN86650,2
ACN86656,2
ACT84600,2
ACN86668,2
ACN86674,2
ACN86680,2
ACN86686,2
AET74575,2
AET74594,2
ABB20161,2
ACR59597,2
ACF33727,2
ACZ45376,2
AFJ13357,2
ABB17724,2
ACZ45318,2
ABB20151,2
AET74421,2
ACA04573,2
ABV01309,2
ADT64829,2
AEA04333,2
ABB20352,2
ACV41459,2
ABB19414,2
ABB88054,2
ACK43431,2
AGG27369,2
ABB88098,2
ABB87955,2
ABB19965,2
ABB87344,2
ABB87333,2
AGG27544,2
AFX85109,2
AET76524,2
AET76689,2
AET76480,2
AGG28728,2
AET77064,2
AET77065,2
AET77275,2
AET76700,2
AFX85820,2
AGG28212,2
AET74668,2
AGG27729,2
AGG28224,2
AGG27753,2
AFX85952,2
AET77297,2
AET77319,2
AET77330,2
AFX85611,2
AET77341,2
AGG28764,2
AFX88653,2
AET77120,2
AGG27532,2
AFX86074,2
AFJ12509,2
AFJ13500,2
AFX85648,2
AFX85659,2
AFX85523,2
AFY09645,2
AGG27970,2
AET75759,2
AET76546,2
AGG27573,2
AET76864,2
AET76886,2
AFX84944,2
AFX86085,2
ADQ92603,2
AFX86118,2
AFX85132,2
AGG27597,2
AET76932,2
AET76954,2
AFX85692,2
AET75855,2
AET78210,2
AET77034,2
AET75482,2
AFJ12497,2
AFJ12498,2
AET76990,2
AGG27453,2
AFX84966,2
AFX85391,2
AFX85963,2
AGG26787,2
AET76387,2
AGG27994,2
AGG26916,2
AGG26917,2
AFX85402,2
AGG28860,2
AFX84192,2
AGG28884,2
AFX86030,2
AGG28932,2
AGG26852,2
AFX88665,2
AFX86041,2
AFX86241,2
AFX85413,2
AFX84225,2
AGG26799,2
AFX85424,2
AFX86019,2
AGG27657,2
AET77400,2
AGG28055,2
AFX86129,2
AFX86052,2
AET78151,2
ACO95678,2
AET77131,2
AFJ13401,2
AGG28986,2
AFX86140,2
AGG28091,2
AFX85853,2
AFX86063,2
AGG26813,2
AFX85930,2
AFX86151,2
AFX84007,2
AFX85809,2
AET77045,2
AFX84146,2
AFX84132,2
AGG26772,2
ACR58639,2
ABS52591,2
ACV41624,2
ACU15645,2
ACU15775,2
ACU15847,2
ADQ93374,2
ACU15977,2
ABB19216,2
AEK66025,2
ADG59482,2
AFJ13068,2
BAJ18050,2
ADU17589,2
ADU53736,2
ABI33812,2
ABM22003,2
ABM22014,2
ABL67164,2
ACV90912,2
AGG81931,2
AEK65806,2
ACZ36517,2
ACU87001,2
ACU86998,2
ACU86996,2
ACU86992,2
AEB89901,2
AFU10290,2
ACR56285,2
CBY88903,2
CBY88904,2
CBY88905,2
ABI85083,2
ABE26832,2
AAX53570,2
BAF56436,2
AFJ13079,2
AEG20976,2
ADN65122,2
ABJ53558,2
AEO22143,2
AEO31328,2
AAT73578,2
ADF65087,2
ABR37362,2
ABR37351,2
ADP07025,2
ADP07046,2
ABI84980,2
AAZ29574,2
AAZ29575,2
AAZ29576,2
AAZ29577,2
ABP64749,2
BAJ77123,2
ADK70132,2
ACY79757,2
ACV90722,2
ACV90662,2
ACV91032,2
ACF36771,2
ACF25636,2
ACF24959,2
ACF24915,2
ACZ45529,2
ACZ36514,2
ACZ45404,2
ABI85094,2
AGB51409,2
ACZ45452,2
ABI85171,2
ACF42327,2
AER57947,2
AFK73134,2
ACF25607,2
ACF25597,2
ABQ41885,2
ABI85127,2
ABS50691,2
ABS50692,2
ABS50697,2
ABS50698,2
AEZ67270,2
ACA03237,2
ACR48896,2
ABS50683,2
ABS50676,2
ABS50674,2
ABS50690,2
ABO52719,2
AEK65913,2
ABO77055,2
ABO52796,2
ABO52741,2
ABR37329,2
CAF33010,2
ABO44166,2
ABY51546,2
ABV01276,2
ABV01287,2
ABO77066,2
ABS89507,2
AFR33908,2
ABY51568,2
ABV01265,2
ABO52708,2
ABO44177,2
ABV01221,2
ABV01243,2
ABO77077,2
ABO44155,2
ABO52774,2
CAF33012,2
ABO77000,2
ABV01232,2
ABS89331,2
ABO44298,2
ACD88526,2
AFU10241,2
ACZ36515,2
ACZ36513,2
AEA04322,2
AGB50915,2
ABI84704,2
ABI84722,2
ACF25058,2
ABI84693,2
ABI84713,2
ABW97488,2
ACF25539,2
ACF24972,2
ACF25680,2
AAA43134,2
ABB21829,2
ABI84657,2
ABI84673,2
ACD88712,2
ABW94092,2
ACI22321,2
ACG59927,2
AEK65635,2
AEK65548,2
ACD88658,2
ABC59716,2
ACZ45567,2
ABB20529,2
AEA04353,2
AEA04397,2
ABI85145,2
ACZ45410,2
ACF36751,2
AEP17293,2
AEA04342,2
ABU62861,2
ACF25586,2
ACB47244,2
ACF25813,2
ACG59820,2
ACG59831,2
ACG59917,2
ACF25807,2
ACZ36529,2
ACZ36528,2
ACZ45409,2
ACZ45514,2
AEA04418,2
ADV76663,2
BAM74043,2
ACV90592,2
ACV90772,2
ACV90782,2
ACZ36504,2
ACV91062,2
ABB88148,2
ACV41750,2
ACS89023,2
BAL15181,2
ACZ45521,2
AFM82576,2
ACJ26117,2
AGI02439,2
ABQ01310,2
AFX81888,2
AFB18643,2
BAJ10007,2
BAE97583,2
ACZ36503,2
BAE48328,2
BAI39412,2
ABY40850,2
ABG88255,2
AFZ77445,2
AER09449,2
AER09439,2
AEK84609,2
AEK84624,2
ACY06638,2
AFQ60340,2
AFQ60329,2
AER09359,2
ACY06637,2
AFQ60285,2
AFQ60274,2
ACV90602,2
ACV90582,2
ACY79773,2
ACY79761,2
ACY79774,2
ACY79762,2
AAX53569,2
ABX83935,2
ABX83954,2
AFF25670,2
ACY74423,2
AFQ60372,2
ADM26548,2
AFQ60318,2
AFQ60296,2
ADM26555,2
AFR11208,2
ADG59495,2
ACZ36492,2
ABI33809,2
ADG43437,2
ADG43472,2
ADG43430,2
ADG43480,2
ACH85549,2
ADG43502,2
ADG43469,2
ADG43467,2
ADG43477,2
ADG43509,2
ADG43405,2
ADG43398,2
ADG43498,2
ADG43445,2
ADG43396,2
ADG43392,2
ADG43414,2
ADG43439,2
AFF25802,2
AFJ13280,2
ABI84926,2
ADA00384,2
AEB66744,2
ACY79760,2
BAM84140,2
