CAE53933,1
ACQ84484,1
ABP49334,1
ABO38061,1
ABV30664,1
ABV30422,1
AGI53439,1
ADL39246,1
ADL39356,1
ADL39400,1
ABO44097,1
ABQ01362,1
ABO52254,1
ABS49906,1
AAO46314,1
ABP49521,1
ABN51106,1
ABO33076,1
ABP49499,1
ABO52364,1
ABO38105,1
ABO52342,1
ABP49466,1
ABP49444,1
ABO38314,1
ABO52309,1
ABN51139,1
ABS49917,1
ABO52353,1
ABN59408,1
ABO52243,1
ABO38708,1
ABR15804,1
ABO52375,1
ABO44108,1
ABW36318,1
ABO44064,1
AFG99068,1
AFG72180,1
AEO88940,1
ADG59414,1
AEO89064,1
AEO89081,1
AEO88947,1
ACD56298,1
AAA43616,1
AAO46321,1
ABN59430,1
ADL39323,1
AEK28970,1
AGI53432,1
ADL39466,1
AEK28882,1
AFG99310,1
AFG99266,1
ABR15903,1
ABS50005,1
ABS50038,1
ABS50049,1
ABR15936,1
ABR28874,1
ABR15947,1
ABR28885,1
ABR15958,1
ABR15969,1
ABR28907,1
ABR28929,1
ADF83759,1
ADV76734,1
AEG65600,1
AEI54387,1
ABV23951,1
ABV23959,1
ABF21254,1
AFH00721,1
ACL11931,1
AEA50984,1
ABD77825,1
ABO52265,1
ABQ58978,1
ABC84396,1
AEO89117,1
ACF41874,1
ABF21255,1
ABB46399,1
AEK29014,1
AEK29025,1
ABD62849,1
ACF41698,1
ACD85194,1
AFG99145,1
AFG98826,1
AFG98848,1
AFG98980,1
ADT79039,1
AFG98958,1
AFG99079,1
AFG72014,1
AFG72003,1
AFG98914,1
AFG71960,1
AFG71938,1
AFG99057,1
ADT79078,1
AFG71905,1
AFG98815,1
AEK29047,1
ADW09182,1
ACU80186,1
AEA73613,1
ACU80032,1
ADW09270,1
ACU80131,1
AEB71999,1
ACU80318,1
ADW09160,1
AEB71932,1
ACU80384,1
AEA73580,1
ACU80640,1
ACU80662,1
ADW10622,1
ACU80717,1
ADW10794,1
AEB71954,1
AEA73723,1
AEC13320,1
ADW10827,1
ACU80772,1
AEB71976,1
AEB71987,1
AFD98113,1
AFD98124,1
AFD98179,1
AFJ11724,1
AFJ44702,1
AGE89336,1
AGE89357,1
AFJ19849,1
AGE89378,1
AGE89399,1
AFD98358,1
AGE89747,1
AFD98467,1
AFD98521,1
AFD98554,1
AFD98576,1
ABO38072,1
AFO65056,1
ABA55040,1
ADE28749,1
AFH00787,1
AGI53389,1
ABW81585,1
AAO46317,1
ABP49345,1
ABY81356,1
AEG64940,1
AEG65039,1
AEG65611,1
AEI54420,1
AEG65259,1
AEG65710,1
AEG65732,1
AEG65743,1
ABW91621,1
ABW36186,1
ABW40044,1
ABW39857,1
ABV29762,1
ACR61673,1
ABY51046,1
ABW40198,1
ACO94690,1
ADI75836,1
ADI75847,1
ADI75924,1
ADM07489,1
ADN06285,1
ADI75935,1
ADK98630,1
ADK98641,1
ADN06329,1
ADK98685,1
ADK98707,1
ADK98729,1
ADN06351,1
ADK94209,1
ADL27996,1
ADL28040,1
ADK98751,1
ADL28062,1
AEI60019,1
ADL28073,1
ADN89167,1
ADN89343,1
ADN89365,1
ADN89409,1
AEI60041,1
AEI60052,1
ADK98938,1
ADN89486,1
ADN89519,1
ADK94220,1
ADK94231,1
ADK94242,1
ADK99048,1
ADK45439,1
ADK99147,1
ADK99202,1
ADK99257,1
ADK99279,1
ADK99290,1
ADK94341,1
AEB40213,1
ADM86436,1
ADK94538,1
ADL28221,1
ADM26802,1
ADL28232,1
ADK99312,1
AEI92030,1
AEI98742,1
ADK94593,1
ADR78649,1
ADM95251,1
AEN68819,1
AFF59150,1
ABD79119,1
AAO46514,1
AFO66242,1
ABI85007,1
ABE11686,1
ABC67616,1
ABC85981,1
ABC43504,1
ABC85882,1
ABC43167,1
ABC42658,1
ABD95291,1
ABC67857,1
ABD94818,1
ABC67561,1
ABC67726,1
ABC85794,1
ABC43189,1
ABD61344,1
ABC50218,1
ABC67901,1
ABC85904,1
ABC42801,1
ABC43548,1
ABD16512,1
ABD16501,1
ABC84527,1
ABC43493,1
ABD16490,1
ABD16343,1
ABD16321,1
ABC85805,1
ABD94983,1
ABC67682,1
ABD60841,1
ABC42834,1
ABC42856,1
ABC67996,1
ABC42936,1
ABC42187,1
ABC42958,1
ABC67326,1
ABC42468,1
ABC67879,1
ABC42523,1
ABC43002,1
ABC42581,1
ABC43035,1
ABC43068,1
ABC43112,1
ABD61377,1
ABC50328,1
ABC85959,1
ABF82658,1
ABC85948,1
ABC85893,1
ABC68078,1
ABD61399,1
ABE11830,1
ABJ09114,1
ABD94807,1
ABC67550,1
ABD94763,1
ABD15654,1
AAO46518,1
AAL60433,1
AAL60432,1
AAL60431,1
ACG80475,1
ACG80457,1
AAO46306,1
AFO66154,1
ABI16503,1
ABA26707,1
ABA26718,1
ABA26729,1
ABW39835,1
ABW39912,1
ABV29806,1
ACA24509,1
ABV30521,1
AEM60065,1
ABW71400,1
AFV53343,1
AET84437,1
ACI25731,1
AFV68556,1
AFV68633,1
AEX34797,1
AEX34293,1
AEX34303,1
AEX34830,1
AEX34382,1
AEX34885,1
AEK28773,1
ADL39433,1
ABW81578,1
ABW81579,1
ABW81580,1
ABW81594,1
ABW81568,1
ABW81565,1
ABW81583,1
ACI25680,1
ABW81592,1
ABW81589,1
ABW81588,1
ACI25679,1
ABW81566,1
ABD15266,1
AEK28784,1
AEK28795,1
AEK29003,1
ACP20231,1
ABI92342,1
ABG88648,1
ABG48122,1
AEX63427,1
ABV24019,1
ABV24008,1
ADG59711,1
AFV53256,1
AFG99321,1
AFP33336,1
AFP33337,1
AFG99519,1
AFD63581,1
AAO46519,1
AFG99277,1
AFD63526,1
AFD63636,1
AFD63559,1
AFD63779,1
AFD63966,1
ACJ25079,1
AFD63845,1
AFD64087,1
AFD64065,1
ACJ25105,1
ACJ25167,1
AFD63856,1
AFD64380,1
AFD64054,1
AAO46510,1
AFD63823,1
AFD64032,1
ACZ46342,1
AFG72202,1
AFG72213,1
AFH00358,1
AFH00369,1
AFH00380,1
AFO64853,1
AFV33713,1
ACO94712,1
ACN33053,1
ACR61706,1
ADL39180,1
AEK28827,1
AEA04361,1
ABD77814,1
AEO88971,1
AEO89073,1
AFD64222,1
AFG72830,1
AFM72319,1
AFG72158,1
ACN32530,1
ACN32541,1
AAO46319,1
AEG64863,1
AEG65171,1
AEG64984,1
AEK28937,1
AFM71786,1
ACH82065,1
ACH69563,1
AEO89108,1
AEO89047,1
AFH00094,1
AEO88955,1
ADG59387,1
AEO89099,1
AEO89162,1
AFG99189,1
AEO89153,1
ADC45790,1
AEX35226,1
AEX33317,1
AEX34469,1
AEX33361,1
AEX35336,1
AEX33460,1
AEX35435,1
AEX35347,1
AEX33997,1
AEX33548,1
AEX33570,1
AEX35380,1
AEX33647,1
AEX34073,1
AEX34107,1
AEX36285,1
AEX36318,1
AEX33887,1
AEX34163,1
AEX33920,1
AEX34217,1
AEX36527,1
AEX36516,1
AEX35149,1
AEX35369,1
AEX35402,1
AEX33909,1
ADT79096,1
ABO38358,1
ABI20833,1
ACC60958,1
AEX35182,1
AEX34019,1
ADC45658,1
ADC45801,1
AAK51716,1
AFG72136,1
AFG72698,1
AFG71949,1
CAB95867,1
ACZ46352,1
ABD60951,1
ABB04301,1
AAF74317,1
CAB95840,1
AAO46507,1
CAC40039,1
AFH00457,1
BAE07200,1
ABB04334,1
ABB04924,1
AFM72912,1
AFG72709,1
ABB80041,1
AFG72599,1
AFH00490,1
ACZ46220,1
AFG72610,1
AFH00468,1
AAF99669,1
ABB04935,1
ABB82234,1
ABB04290,1
AAF99668,1
AAK49339,1
AAK49340,1
AAF74319,1
ACZ46221,1
AAF74320,1
AAK49341,1
ABC40626,1
AAK18011,1
AAK18012,1
CAC19706,1
AAK49342,1
AAK49343,1
AAK49344,1
AFG72621,1
AFH00336,1
ABB04378,1
ABB04312,1
ABB04367,1
AEY69149,1
AEY69226,1
AEY69237,1
AFH41226,2
AFH41215,2
ADN34706,2
AGG12494,2
AGG12511,2
AAU00818,2
AEM75312,2
ACA25318,2
AGG82782,2
AGG82794,2
AGG82818,2
AGG82974,2
AGG83046,2
AGG83083,2
AGG83119,2
AGG81756,2
AGG83179,2
AGG83191,2
AGG83394,2
AGG83396,2
AGG81775,2
AGG83432,2
AGG81794,2
AGG83505,2
AGG83808,2
AGG83821,2
AGG83928,2
AGG83930,2
AGG81806,2
AGG83986,2
AGG84010,2
AGG81818,2
AGG84042,2
AGG84066,2
AGG84080,2
AGG84094,2
AGG81831,2
AGG84106,2
AGG84133,2
AFY07140,2
AFY05832,2
AFY05789,2
AFY05790,2
AFY06974,2
AFY06521,2
AFY06985,2
AFY07118,2
AFY06952,2
AFY05898,2
AFY06911,2
AFY05862,2
AFY06558,2
AFY09692,2
AFY06389,2
AFY06246,2
AFY06356,2
AFY05671,2
AFY07074,2
AFY06941,2
AEK65846,2
AEK65856,2
ACV41533,2
AEK65889,2
AEK65900,2
AGE83763,2
AGE83546,2
AGE83557,2
AGE83568,2
AGE83579,2
AGE83590,2
AGE83612,2
ACZ46077,2
AFY06135,2
AFY06136,2
AGG83652,2
AFY06180,2
AFY06079,2
AFY06090,2
AEK70706,2
AGE03061,2
AEM75213,2
ADP06919,2
ADP07104,2
AEM75460,2
ADU20302,2
ADP07203,2
AFM09696,2
AFM09685,2
AFM09630,2
AFM09619,2
AFM09674,2
AFM09663,2
AFM09586,2
AFM09564,2
ADP07291,2
ADP07577,2
ADP07011,2
ADP07912,2
ACF47562,2
ADU33170,2
ADU20390,2
AGE00653,2
AGE00730,2
AEM75519,2
AEM75496,2
AEM75508,2
AEM75191,2
AGG25698,2
AGG26130,2
AFR46608,2
ACO25343,2
ADR00735,2
AGG23980,2
AGG24172,2
AGG24184,2
AGG23564,2
AGE00482,2
ACX55550,2
ADU17604,2
AGE08131,2
AGE08142,2
AGE08153,2
AGE08178,2
AGE00526,2
AEM76546,2
AEM76557,2
AEM75449,2
ADP07032,2
ADP07632,2
ADU20324,2
ADU17639,2
ADU17666,2
AGE00686,2
AGE01018,2
AGE03006,2
AGE00390,2
AGE02692,2
AEM75731,2
ACU26321,2
ACY79970,2
AET75389,2
AGE08631,2
AGE08642,2
AFK75294,2
AEK49597,2
AEK50679,2
AEK50470,2
AEK50481,2
ACF47441,2
ACE81713,2
ACF47496,2
ACE76602,2
ACF47518,2
ACF47529,2
AEK50503,2
AGG25620,2
AGG23624,2
AGE03466,2
ACV90990,2
ACT84188,2
AGE08608,2
AFP21285,2
ADN34737,2
ADJ17336,2
ADT64802,2
ABU62906,2
ABU62900,2
ACR56281,2
ABE68940,2
ABH03488,2
ADQ20609,2
ABH03496,2
ACR61651,2
ABL67128,2
AFM09487,2
ACA25308,2
ACV90790,2
ABP49290,2
ACV90800,2
ACZ46206,2
ACV90830,2
AAQ04962,2
AAQ04963,2
AAQ04964,2
AAC32087,2
AAF02386,2
AAF02387,2
AAO53040,2
AAF02385,2
AAQ04959,2
ADD97083,2
AAQ04966,2
AAP04507,2
AAQ04967,2
ACL79918,2
BAN15756,2
ABU62904,2
AAT74499,2
AAT39059,2
AAT39060,2
AAT39061,2
ABC70714,2
ABC87317,2
ABD32122,2
ABJ53544,2
AAZ16289,2
AAF02389,2
ABU62902,2
ABU62905,2
ABU62901,2
BAN15767,2
ACU15378,2
ADQ20675,2
ACR58746,2
AAT69355,2
AAT70177,2
AAT74498,2
ACZ46218,2
ACI22230,2
ACC63336,2
ABY51321,2
ABY51444,2
ACD56397,2
ACD56430,2
ACD56496,2
ACF76252,2
ABY51411,2
ACV91070,2
ABL08966,2
BAN15785,2
BAN15799,2
ABW97459,2
ABQ57377,2
AEF10492,2
ABB19389,2
AET21450,2
ACV86847,2
AFQ90359,2
AFQ90502,2
AFQ90381,2
AFQ90425,2
ADA69406,2
AEF28849,2
ADF29686,2
AFQ90370,2
ACI22252,2
ACD56474,2
AEK65449,2
ACJ10023,2
ACI16748,2
AEK65683,2
ACB70503,2
ACB70558,2
BAK18393,2
BAM36296,2
ACJ14960,2
ACJ15070,2
ACJ15081,2
ACJ15272,2
ACJ14894,2
ACY79975,2
ACZ36622,2
ACY79971,2
ACY79973,2
AEK65226,2
AEM00330,2
AEM00332,2
ACZ46319,2
AFJ12999,2
AFJ12966,2
AFJ12388,2
AAT39064,2
AAT74501,2
ADX99746,2
ADX99739,2
ADX99750,2
ADX99740,2
ADX99751,2
ADX99749,2
ADX99747,2
AAF87506,2
ABO52551,2
ADJ67496,2
AEN74795,2
AEN74806,2
AEA29086,2
AEN74817,2
ADW26587,2
ADW26588,2
AEQ54719,2
ADE06899,2
ADE06900,2
ADE06902,2
ADE06903,2
ADE06893,2
ADE06906,2
ADE06907,2
ADE06910,2
ADE06913,2
ADE06914,2
ADE06915,2
ADE06916,2
ADE06919,2
ADE06921,2
ADE06922,2
ADE06923,2
ADE06924,2
ADE06925,2
ADE06927,2
ADE06930,2
ADE06931,2
ADE06932,2
ADW26583,2
ADE06894,2
ADE06896,2
ADE06897,2
ADE06898,2
ABI85211,2
ACV90520,2
ACY80006,2
ACY80007,2
ACY80009,2
ACY80005,2
AEO52615,2
AEO52614,2
AEO52613,2
AEO52612,2
ACJ68666,2
AEO52610,2
AEO52609,2
AEO52608,2
AEO52607,2
ADU17564,2
ADU17521,2
AEA30214,2
ADU17499,2
ADU53715,2
ADU17488,2
ADU17477,2
AFJ12647,2
ACV90920,2
ABS70423,2
ABU62903,2
ACY79953,2
ACR09551,2
ACJ68953,2
ACJ68958,2
ACJ68968,2
ACJ68973,2
ACJ68978,2
ACJ68983,2
ACJ68988,2
ACJ68993,2
ACJ68998,2
ACJ69004,2
ACJ69008,2
ACJ69018,2
ACJ69023,2
ACJ69033,2
ACJ69038,2
ACJ69043,2
ACJ69053,2
ACJ69068,2
ACJ69127,2
ACJ69137,2
ACJ69162,2
ACJ69185,2
ACJ69190,2
ACJ69195,2
ACJ69200,2
ACJ69220,2
ACJ69225,2
ACJ69230,2
ACJ69240,2
ACJ69245,2
ACJ69260,2
ACJ69265,2
ACJ69280,2
ACJ69289,2
ACJ69309,2
ACJ69328,2
ACY80001,2
ACY80002,2
ACY80003,2
ADU53128,2
AER09758,2
AFZ15765,2
ACT97080,2
BAE48321,2
ADG59404,2
ADG59554,2
ADG59390,2
ACR59528,2
ACT75688,2
ABV31884,2
ABV31911,2
ABV31930,2
ABV31932,2
ABV31953,2
ABB20394,2
ABB88316,2
ABO52067,2
AFJ13098,2
ABI84823,2
ABM21978,2
ABP49257,2
ABI95158,2
ABI92188,2
ACV86827,2
ACV86837,2
AFP21054,2
AFY07200,2
AFP21087,2
ACY06615,2
ACJ26318,2
AGG81915,2
AAV91209,2
ADQ26647,2
ABI85224,2
ABI33795,2
ACZ46239,2
ACZ46241,2
ACZ46240,2
ACZ46238,2
ACK43334,2
ACI41085,2
ABB87652,2
ABB19925,2
ABB87674,2
ABB87769,2
ABB87436,2
ABB18483,2
ABB19808,2
ABB19730,2
ABB19843,2
ABB19158,2
ABB87974,2
ACX55330,2
ABI84418,2
AET75176,2
AET74842,2
AET74368,2
ABB19624,2
AGG28616,2
AGG26884,2
AET75013,2
ABB87579,2
AFM38818,2
AGG27015,2
ADK71136,2
AEM00995,2
AEM01039,2
AEM01050,2
AEM01006,2
AEM01017,2
AGD99757,2
AGD99768,2
AGD99790,2
AGE07995,2
AGE08039,2
AGE08061,2
ACF25471,2
AFW90044,2
ADH96311,2
ADT79300,2
ADT79320,2
ADT79405,2
ADT79674,2
ABB21790,2
ACM17922,2
ADH95753,2
ADH95764,2
ADH95896,2
ADT79630,2
ACT84152,2
ACT84158,2
ACT84176,2
ACT84312,2
ACT84802,2
AGE08234,2
AGE08223,2
AGE08245,2
AGE08267,2
AGG82164,2
AGG82176,2
AGG81693,2
AGG82356,2
AFP21384,2
AFP21407,2
ABI84890,2
ACT85049,2
ACT85084,2
ACT85094,2
ACT85099,2
ACT85104,2
AGG81940,2
AGG81650,2
AGG82428,2
AGG82514,2
AFP20950,2
ABO52177,2
ABO52518,2
ACA04625,2
ABL75570,2
ACZ46389,2
ABS89416,2
ABM21989,2
ABO52045,2
ABI48013,2
ABO76942,2
ABO51880,2
AGG81705,2
AGG82404,2
AFP21362,2
AFP21396,2
AFP20976,2
ACT84282,2
ACZ46044,2
ACZ46026,2
ACZ46027,2
ADT70709,2
ADH96322,2
ADH96344,2
ADH96366,2
ADH96377,2
ADH96388,2
ADT79256,2
ADT79265,2
ADT79274,2
ADT79281,2
ADT79367,2
ADT79376,2
ADT79575,2
ADT79386,2
AEG64780,2
ADT79608,2
ADT79485,2
ADT79495,2
AGE01040,2
AGE00403,2
AEM75268,2
AEM75279,2
AEM75301,2
AEM75940,2
AEM75530,2
AEM75543,2
AGE15507,2
AFM09542,2
AFM09509,2
AFM09498,2
ACE73604,2
ACE81702,2
AGE02632,2
ABB87480,2
AGG28508,2
AFU10276,2
AEK65287,2
ABO44207,2
BAM62245,2
BAM62169,2
ACZ46191,2
ACN39473,2
ADG59392,2
AFP36179,2
ADB93845,2
ACZ81512,2
ACX55918,2
AEM97786,2
AFQ90469,2
ACR49069,2
AGG53001,2
AGG53002,2
AGG53004,2
AGG53005,2
AGG53008,2
AGG53009,2
ACR49077,2
AAY52714,2
AAQ04960,2
ACH68472,2
ACN29486,2
AEO00207,2
AEF29981,2
ABI85073,2
ACZ36583,2
AAT38883,2
AAT78589,2
ACX94282,2
ABX38821,2
ABW97470,2
ACF25725,2
AFQ90403,2
AAM70008,2
AAM69986,2
AAM69966,2
ADM95241,2
ADM95240,2
ADM95242,2
AFF59164,2
AEN68835,2
ADM95253,2
AEN68829,2
AEN68826,2
ACZ46331,2
ACY80016,2
AFQ90436,2
ACR49073,2
ADI34015,2
ACZ46280,2
ACZ46281,2
ACL79988,2
BAM62300,2
AAQ77446,2
ABI85035,2
AAQ77447,2
AEE73583,2
ABF56622,2
ABF56631,2
ABF56640,2
ABB90237,2
AFJ12636,2
ABG38194,2
ACX61641,2
ABM21927,2
ABM21928,2
ABM21930,2
ACR49063,2
ACR49074,2
ACR49076,2
ACR49080,2
ACR49081,2
AEF59368,2
AEF59369,2
AEF59370,2
AEF59371,2
AEF59372,2
ADL57405,2
ACR58658,2
CBW54837,2
CBW54838,2
ABV24030,2
BAJ07729,2
BAJ07728,2
BAJ07727,2
BAJ11929,2
BAK08630,2
CBW54839,2
CBW54841,2
AFO83084,2
AFW18409,2
AFW17405,2
ACZ46284,2
ADP69272,2
ACF25790,2
ACF25069,2
ACZ46303,2
ADA69349,2
ADG59407,2
ABL08923,2
AAY52689,2
ABL08925,2
ABL08916,2
AET10151,2
ABK59028,2
ADG59385,2
ABI84541,2
CAF02293,2
CAQ65112,2
CAQ65127,2
AAQ04954,2
AFW18332,2
AFW18387,2
AFW18266,2
ACL80020,2
ACZ46286,2
ACG50697,2
AAY52690,2
AAQ04961,2
AAT37562,2
AAW59397,2
AAW59389,2
AAY52691,2
AAY52692,2
AAY52693,2
AAY52694,2
AAY52695,2
AAY52696,2
AFJ19047,2
AFC98357,2
AFC98346,2
AET10161,2
AET10171,2
AAY52697,2
ABD14804,2
ABL08995,2
ABV31850,2
ABU63964,2
ABV31885,2
ABV31864,2
AAY52698,2
ACZ46283,2
ABL08984,2
ABL08868,2
ABL08896,2
ABL08965,2
ABL08894,2
ABL08970,2
ADG59395,2
ACY80026,2
AFQ90447,2
AFQ90458,2
AFQ90491,2
AAU00825,2
ABX10502,2
ABC74407,2
AEV40287,2
ABX10491,2
AAY52699,2
ABC74408,2
ACR56145,2
ABX10509,2
ABC74409,2
ADG59396,2
ACR56144,2
ACH68477,2
ACH68475,2
ACR56147,2
AAY52700,2
AAY52701,2
AEB71284,2
AAX53552,2
ACK43775,2
ACN39474,2
AAX53553,2
AAY52702,2
AAY52703,2
ADG59412,2
ACH68471,2
ACJ68804,2
AAF02392,2
ACL79980,2
BAM74049,2
ABB20301,2
ABL08857,2
ACZ36597,2
AAF02388,2
ABL08862,2
BAJ18044,2
AFR53948,2
AEO92421,2
ACD88742,2
ACN39482,2
ACN39484,2
AAT90831,2
AAV48550,2
ABY50572,2
ABI94759,2
ABI94760,2
ABI96724,2
ABI96737,2
ABI96746,2
ABI98907,2
ADG59405,2
ACN39478,2
ADG59425,2
ACZ05906,2
ACN39485,2
ADG59391,2
ACZ05904,2
ADG43703,2
BAF37961,2
AFK10233,2
AGH55441,2
AFK10244,2
AGH55489,2
AGH55525,2
ACZ58090,2
ACZ58138,2
ACZ36588,2
ABI36022,2
ACT20719,2
AFL56950,2
ACJ68765,2
ACB72449,2
AEZ67256,2
AEZ67245,2
AEZ67234,2
AEZ67212,2
ABS50854,2
ABS50855,2
ABS50857,2
ACJ68776,2
ACJ68787,2
ABS50838,2
ABS50860,2
ACR48878,2
ABS50861,2
ABS50862,2
ABS50839,2
ABS50836,2
ACJ68655,2
ACR48879,2
AEZ67278,2
ACR48880,2
ACR48881,2
ACJ68688,2
ACJ68699,2
ACJ68710,2
ACJ68721,2
ACR48876,2
ABS50841,2
ACA03222,2
ACR48883,2
ACR48884,2
ABS50845,2
ABS50846,2
ACR48885,2
ACR48886,2
ACJ68754,2
ACR48887,2
ACR48888,2
ACZ46321,2
ABR37403,2
AFR33900,2
ABI85016,2
ABR37727,2
ABS89339,2
ABO77085,2
AEK65932,2
ABV01207,2
ABQ84656,2
ACL79953,2
ACZ46297,2
ACZ46293,2
ACL80004,2
AFQ37302,2
AFJ12702,2
AFJ12713,2
ADG59424,2
ACI89449,2
ACH68478,2
ACG58420,2
AET10133,2
ABI96772,2
AFC98312,2
ADG59555,2
AAY52705,2
ABI98918,2
ABI98924,2
ABI97328,2
ABI97346,2
ABJ52564,2
ABI98943,2
BAM62160,2
BAG80770,2
ADI34018,2
ADI34016,2
BAF46446,2
BAG80771,2
AFM47141,2
ADW26584,2
ADW26585,2
ACZ46354,2
ABW73792,2
ACT97035,2
ADQ43712,2
ADQ43697,2
AER09604,2
AER39806,2
AER39796,2
ACZ46353,2
AAV65822,2
ACD37768,2
ACD37778,2
AAW78266,2
ADQ43696,2
ADQ43698,2
ADQ43699,2
ADQ43702,2
ADQ43703,2
ADQ43706,2
ADQ43709,2
ADQ43710,2
AER09703,2
ACT97037,2
ACT97038,2
AAV97631,2
ABO76692,2
ABV60444,2
ABD92950,2
ABC48789,2
ACA21565,2
ACA21587,2
BAD89324,2
ACZ36591,2
AEN94587,2
ACR49473,2
ACR49495,2
ACR49506,2
ACR49517,2
ACR49407,2
ACR49440,2
ACH88859,2
ACR49451,2
ACH88892,2
ACH88903,2
ADG59410,2
ADG59427,2
ACL79926,2
ADQ27985,2
AFW17418,2
AFW18190,2
AFW18201,2
ACZ46282,2
ACZ46291,2
ACZ36612,2
ACZ36609,2
ACZ46287,2
ACZ46279,2
ACZ46355,2
BAM62272,2
BAM62291,2
BAM62208,2
BAM62142,2
BAM62180,2
ACZ46294,2
ACZ46292,2
ADI34014,2
ABU62895,2
ACL79934,2
ACF24968,2
ACF25821,2
ACF25503,2
ACF25567,2
ABU62894,2
ACF25077,2
ABW94118,2
ACF25705,2
ABU62899,2
ACK43339,2
ACF25040,2
ABU62893,2
ACG59919,2
ACF24903,2
ACF25114,2
AAS66086,2
ACY80014,2
ABB88158,2
ADB92072,2
ADB92068,2
AFR11202,2
ABI94588,2
AAR04365,2
AFJ12812,2
ACZ46189,2
ACZ46196,2
ACZ46195,2
AFJ12768,2
ACF24928,2
ACS68399,2
AFJ12735,2
AFJ12801,2
ACJ69092,2
ACJ69152,2
ACJ69294,2
ACJ69333,2
ACJ69343,2
ACJ69358,2
ACJ69363,2
ACJ69383,2
ACJ69392,2
ABR37425,2
ABR37436,2
ACC63325,2
ACI22241,2
ADQ27971,2
ACF24942,2
ABI84751,2
ACF25096,2
ABI84834,2
ABR37590,2
ACF76263,2
ABW94100,2
ABR37612,2
ACD56386,2
ACD56375,2
ACF76340,2
ACC61894,2
ABI84873,2
AFJ12680,2
ACC61949,2
ACF22536,2
ABW94090,2
AEK65427,2
ACD56529,2
ABY51367,2
ACD56562,2
ACY79949,2
AFJ12724,2
ABU62898,2
ACC63292,2
AEK65515,2
ACF22635,2
ABU62896,2
ABY51422,2
ACM17977,2
ACF76417,2
ACJ68963,2
ACJ69112,2
ACJ69122,2
ACJ69270,2
ACJ69353,2
ACJ69378,2
ADB25481,2
ADB25503,2
ADB25514,2
ADB25536,2
ADB25547,2
ADB25558,2
ADB25624,2
ADB25635,2
ADB25646,2
ADB25657,2
ADB25668,2
ADB25690,2
ADB25734,2
ADB25745,2
ADB25756,2
ADB25767,2
ADB25778,2
ADB25800,2
ADB25833,2
ADB25844,2
ADB25855,2
ADB25866,2
ADB25877,2
ADB25888,2
ADB25899,2
ADB25921,2
ADB25932,2
ADB25987,2
ADB25998,2
ADB26009,2
ADB26020,2
ADB26064,2
ADB26075,2
ADB26086,2
ADB26108,2
ADB26119,2
ADB26152,2
ADB26185,2
ADB26207,2
ADB26218,2
ADB26251,2
ADB25382,2
ABJ16880,2
ABJ16858,2
ABV53535,2
ABV53555,2
ABV53585,2
ABV53495,2
ABV53505,2
ABV53515,2
ABV53525,2
ACD35901,2
ACD35890,2
ABI95323,2
CAQ58550,2
CAQ58546,2
CAQ58547,2
CAQ58548,2
CAQ58543,2
CAQ58545,2
CAQ58549,2
CAK18562,2
CAK18561,2
ADG59408,2
AAY52709,2
BAD89314,2
ABO76688,2
BAF46426,2
BAF46456,2
BAF46466,2
ACF25102,2
ACF24947,2
ABW94132,2
ACF25090,2
ACF25747,2
ACD88677,2
ACD88699,2
ADQ27976,2
ACZ46314,2
ACZ46335,2
ACZ46315,2
CAC19699,2
ACZ46316,2
ABI85044,2
AAQ04952,2
ADM31438,2
ACP50641,2
ACP50663,2
ACP50619,2
ACP50707,2
ACP50674,2
ACP50718,2
ACP50685,2
ACP50696,2
ACP50729,2
ACP50630,2
ACP50740,2
ABI85102,2
ACZ46299,2
ACF25052,2
ACZ46302,2
AFJ12669,2
ACY79952,2
ACJ69323,2
BAG80778,2
CAQ57760,2
AAF02395,2
ACZ36614,2
ACZ46288,2
ACL79972,2
ACZ46289,2
AAF02394,2
BAM74048,2
AFW18299,2
ABR37414,2
ABI85134,2
ACZ46301,2
ACL79996,2
ACF25108,2
ACN41777,2
ACJ03932,2
ACJ03954,2
ABI85064,2
CAA35096,2
ABY91287,2
ABY76289,2
ABQ43814,2
ACA25328,2
AAQ04957,2
AEM97766,2
ABI85113,2
AGI41229,2
AEB71286,2
AEB71273,2
AEB71275,2
AEB71276,2
AFI73331,2
AAY52710,2
ADG59401,2
ADG59399,2
ADG59388,2
ACG58419,2
ACG58421,2
ACH68473,2
AEB71277,2
AEB71278,2
AEB71279,2
AEB71280,2
AEB71281,2
AEB71285,2
AEB71283,2
AEB71282,2
AAY52712,2
AGC74228,2
AGC74229,2
AGC74230,2
ABL08902,2
ACA47790,2
ABL08905,2
ADG59409,2
ABK34763,2
AFW17363,2
AFW18442,2
AEX30610,2
AAQ04970,2
AAY52713,2
BAM62124,2
ADG59381,2
AEX40624,2
ACR49085,2
ACR49078,2
ABI95356,2
ACO53827,2
ACR49071,2
ACR49072,2
BAG80774,2
ABO76687,2
ACZ46296,2
ABD35724,2
ABD35731,2
ABD35736,2
ABD35725,2
ABD35718,2
ABD35732,2
ABD35722,2
ABD35714,2
ABD35728,2
ABD35705,2
ABD35729,2
ABD35715,2
BAH79558,2
ABD35716,2
ABD35717,2
ABD35710,2
ABR31772,2
ABR31783,2
AAG09042,2
ABD35737,2
ABD35723,2
BAH79567,2
AGI55865,2
AGI55750,2
AGI55693,2
ABD35703,2
ABD35704,2
ABD35719,2
ABD35720,2
ABD35721,2
ABD35712,2
AGH30629,2
ABD35733,2
ABD35706,2
ABD35708,2
AAX47281,2
AAX47282,2
ACY80032,2
ACE73585,2
ACD13298,2
ABC69215,2
ACF17967,2
ABK13785,2
ACF17977,2
AFH77068,2
ACH68474,2
ADG59400,2
AFR77956,2
ADZ45205,2
ADZ45216,2
ABO76693,2
ADI79228,2
ACO53817,2
ACZ46295,2
ABV01130,2
ABS89372,2
ABV01141,2
ABJ51746,2
ABJ51691,2
ABJ53590,2
ABJ51735,2
ABJ51702,2
ACG58633,2
ACG58611,2
ACG58534,2
ACF76208,2
ACK99274,2
ACK99285,2
ACK99296,2
AEK65143,2
AAW80715,2
BAK18415,2
ACJ15048,2
ACJ14872,2
ACJ15208,2
ACJ15250,2
ACJ15261,2
ACF76219,2
AEK65154,2
ACK99307,2
ACJ09836,2
BAM62254,2
ACY06577,2
ADC29446,2
ACZ81581,2
AEX40635,2
ACY06574,2
ACZ81592,2
ADO65939,2
ACY06580,2
ACY06579,2
AEX40657,2
ACY06578,2
AEX40668,2
ACY06575,2
AEX40679,2
ACR49062,2
ADG59423,2
ADG59417,2
ADG59416,2
ADG59418,2
ADG59422,2
ADG59419,2
ADG59421,2
ADG59420,2
ADG59415,2
BAD89304,2
BAF46506,2
BAF46486,2
BAF46496,2
BAF46526,2
BAF46476,2
BAF46436,2
ACA48164,2
ACA48153,2
AEY75682,2
AEY75671,2
AEY75660,2
ACL12395,2
AET10142,2
ACJ68803,2
ACC61883,2
ACA47801,2
CAC84870,2
BAJ18116,2
BAJ18100,2
BAJ18108,2
ABF69263,2
AGE09360,2
ADP07533,2
ADP13361,2
ADP07610,2
ACF74242,2
ADP95453,2
AGG86908,2
AFC60801,2
ACJ26307,2
ACR58713,2
AEM75334,2
BAF37386,2
AGE02659,2
CCH50637,2
CCH50626,2
CCH50670,2
AER09516,2
ABL08849,2
ABL08860,2
ADF29833,2
ADP06901,2
ADP07115,2
ADP07126,2
ABO52100,2
AEM53451,2
ACR58614,2
ADE75025,2
ACR58757,2
AFM83196,2
ADE75041,2
ADE75035,2
ABB19592,2
ABD91841,2
ACJ26087,2
ABL08859,2
ACQ71986,2
BAD89343,2
ABI33792,2
ABO38270,2
CAQ64759,2
CAQ64762,2
CAQ64765,2
ABB21819,2
ACC66056,2
AGI02357,2
AGH30420,2
ABZ91696,2
ABZ91687,2
ABI85239,2
ABI85243,2
ACZ36602,2
ACZ46317,2
BAG80775,2
ADG59428,2
ADG59394,2
ABB20383,2
AFQ90392,2
ACC69085,2
ADM95252,2
ACY80013,2
AFQ90414,2
ABI84584,2
AAR99631,2
ABJ16935,2
ACV41555,2
ABB90227,2
ACT76060,2
ADD10579,2
ADD10568,2
AEF59373,2
AEF59382,2
ADD10557,2
AEV40288,2
AEF59374,2
AEF59387,2
AEF59388,2
AEF59389,2
AEF59390,2
AEF59392,2
AEF59393,2
AEF59394,2
AEF59395,2
AEF59406,2
AEF59396,2
AEF59397,2
AEF59399,2
AEF59404,2
AEF59378,2
AEF59380,2
ADD10546,2
AEK65715,2
ACU16736,2
ABJ16847,2
BAJ07722,2
BAJ07726,2
AFW17298,2
ABI84552,2
AGB50956,2
ADA69342,2
ADA69359,2
ADA69366,2
ADA69384,2
ADA69417,2
ADA69428,2
ADC97081,2
AAT12127,2
ABL08972,2
AFF26003,2
ABL08920,2
AFF27368,2
AFF26014,2
ADG43688,2
ADG43832,2
ABL08924,2
ADG43831,2
ADG43687,2
AAT12128,2
AFF26300,2
AAT12129,2
AFF26311,2
AAT12130,2
AFF26322,2
AFF26333,2
AFF27424,2
AFF26344,2
AFF27324,2
AFF25915,2
ADG43697,2
AFF26355,2
AFF27381,2
ADG43696,2
AFF26278,2
AFF25937,2
ADG43695,2
AFF26366,2
ADG43694,2
AFF25871,2
ADG43701,2
AFF26388,2
AFF27178,2
ADG43693,2
AFF27191,2
AFF25959,2
ADG43691,2
AFF26410,2
AFF26289,2
ADG43700,2
AFF27121,2
ABL08926,2
AFF25970,2
ABL08927,2
AFF27394,2
AFF27346,2
ADG43690,2
AFF27239,2
AFF27254,2
AFF26443,2
AFF27267,2
AFF27278,2
ADG43689,2
AFF27357,2
AFF25992,2
AFF25882,2
ABL08914,2
ADP05196,2
AEF29011,2
AEF28859,2
AAQ04955,2
ABI84594,2
AAT12131,2
AAT12132,2
AFK13871,2
AAT12133,2
AAW59407,2
AAT12134,2
ADG59393,2
AAT12135,2
AFJ19060,2
AFN66842,2
AAT12136,2
AFF23254,2
ABW95937,2
AFF25541,2
ABL08988,2
ABD14805,2
ADG43708,2
ABL08989,2
ADG43827,2
ABL08886,2
AFF26058,2
ABL08991,2
ADG43707,2
ABL08996,2
AAT12137,2
AFF26069,2
ABW95948,2
AFF25563,2
ABL08888,2
AFF25574,2
ADG43706,2
AAT12138,2
AFF25585,2
ABL08946,2
ABL08947,2
AAT12139,2
ABV31886,2
ADC97083,2
AAT12140,2
ADG43824,2
ABL08866,2
AFF26036,2
AEA35543,2
AFO83406,2
AFO83405,2
AFO83442,2
ABJ09471,2
ABL08975,2
ABL08977,2
ABL08863,2
ABL08961,2
ABL08898,2
AFF26080,2
AFF26091,2
AFF26102,2
AFF26113,2
AFF25596,2
ABB20261,2
ACY80020,2
ACZ46268,2
ACN39475,2
ACN39476,2
ACN39477,2
BAF41917,2
BAF56167,2
BAH03465,2
BAJ76648,2
AAA43098,2
BAF32967,2
BAF56433,2
BAK53511,2
ACZ46265,2
ABB20331,2
ABB20279,2
ABB88305,2
ABB20247,2
ABB88294,2
ACZ46217,2
ABB20236,2
ABB20269,2
ABB88274,2
ABB20340,2
ABB88263,2
ACD12171,2
ACD12182,2
ABB20320,2
AAV97629,2
ABB20310,2
ABB20290,2
AFV33914,2
AFD62851,2
ACD88732,2
ACD88723,2
AFD62862,2
ACN39483,2
ADG59383,2
ACF16399,2
ABE28412,2
ABJ09481,2
ABJ98939,2
ADG59403,2
ABL08979,2
ADG43846,2
AFF26146,2
ACN39479,2
ACN39480,2
ACN39481,2
AFF25640,2
ADG59406,2
ACZ05905,2
ACN39486,2
ACN39487,2
ADG43844,2
AFF25651,2
ADG43705,2
ABL08907,2
ACA47900,2
ABL08909,2
ADG43828,2
ADG43757,2
ACN39472,2
ADG59397,2
ADG59398,2
ACA47911,2
ADG43823,2
ADN78260,2
ACZ05903,2
ADG43704,2
ABL08913,2
AEX91669,2
ADU53683,2
ADU17044,2
ADU16989,2
ACZ46311,2
ACJ14463,2
ACJ14474,2
ACC61828,2
AEK65982,2
ABO77096,2
ACJ14452,2
ABS89317,2
ABQ84650,2
ABQ84674,2
ABQ84649,2
ADB12384,2
AGB84770,2
AFP89315,2
AGB84853,2
AGB84842,2
AFR42685,2
ABK00124,2
AFF26157,2
AFF25662,2
AFF26179,2
ADG59411,2
ADK26583,2
ABD35734,2
AEK84697,2
ACU87068,2
ACU87060,2
ACU87069,2
ACU87062,2
ACU87065,2
ACU87061,2
ACU87064,2
ACY06631,2
AEK84695,2
ACU87056,2
ACU87057,2
AEK84702,2
ACY06629,2
ABW73770,2
ADQ43695,2
AFQ60348,2
AFQ60358,2
AAV97632,2
AEI29952,2
AEI29949,2
AEI29939,2
AEI29940,2
AER09736,2
ACT97039,2
AEI29943,2
AEI29926,2
AEI29927,2
AEI29917,2
AER39816,2
AER09505,2
ADQ43700,2
ADQ43704,2
ADQ43705,2
ADQ43708,2
ADQ43711,2
AEI29928,2
AEI29929,2
AEI29935,2
ADM26520,2
AEI29936,2
AEI29937,2
ADM26519,2
AEI29930,2
AEI29932,2
AEI29933,2
AEI29934,2
ABD92958,2
ACF33768,2
ACZ36625,2
ACZ36624,2
AEN94649,2
AEN94602,2
AEN94679,2
AEN94613,2
AEN94701,2
AEN94742,2
AEN94775,2
AEN94786,2
AEN94808,2
ACR49539,2
ACR49396,2
ACR49418,2
ACR49429,2
ACJ15168,2
ACH88870,2
ACH88881,2
ACR49374,2
ACR49363,2
ACR49462,2
ACR49385,2
ACZ46043,2
ACF24913,2
AEN95122,2
ABY81633,2
ACA61629,2
ACJ69388,2
ACS68368,2
ACY79965,2
ABI84622,2
ABB21810,2
ABI84614,2
ACV91020,2
ACY80022,2
BAF02909,2
BAF57017,2
BAH03371,2
AAO65607,2
ABS70445,2
ABS70434,2
ACD88644,2
ACF24898,2
ACD88501,2
ABB20434,2
ABB20462,2
ABB20451,2
ACY80021,2
ACY80031,2
ABB88190,2
ABB20225,2
ABB20215,2
ABB20172,2
ABB88201,2
ABB88252,2
ABG27058,2
AGH25289,2
ADO17650,2
AAY52708,2
ADO17661,2
ACZ46192,2
AFJ12625,2
ABI84845,2
ACZ46199,2
ACR09606,2
ACR09573,2
ACR09540,2
ACR09529,2
ACR09474,2
ACR09463,2
ACS68379,2
ACR09441,2
ACV90570,2
AEK65621,2
ACI16770,2
ACI22208,2
ACJ69058,2
ABB20428,2
ABB88347,2
ABB20455,2
ACY80019,2
ACY80024,2
ABY67926,2
ABH85396,2
ABB43067,2
ACV90560,2
ACY79962,2
ACF25714,2
ACF24882,2
BAF40415,2
ACV90700,2
AFJ13021,2
ACY80018,2
ABB20479,2
ABB88355,2
ACR27182,2
ACR66929,2
AFJ12437,2
ADC97014,2
AAW72230,2
AAT12141,2
AAT12142,2
AFQ90549,2
AAT12143,2
AAT12144,2
AAT12145,2
AGI55564,2
AGI55566,2
AGI55562,2
AFO83463,2
ABJ09493,2
AFF26962,2
AFF26973,2
ADG43717,2
AFF25816,2
AFF26234,2
ADG43813,2
ADG43833,2
ADG43774,2
ADG43773,2
ADG43770,2
ADG43819,2
ADG43811,2
ABL08900,2
ADG43715,2
ADG43714,2
AFF25772,2
ADG43808,2
ADG43817,2
ADG43750,2
AFF27033,2
AFF26201,2
ADG43710,2
ADG43749,2
ADG43816,2
AFF26256,2
ADG43829,2
ADG43806,2
ADG43748,2
ADG43709,2
ADG43804,2
ADG43759,2
AFF26716,2
AFF26738,2
ADG43747,2
ADG43845,2
AFF26267,2
ADG43784,2
ADG43742,2
AFF26212,2
ADG43741,2
ADG43802,2
ADG43758,2
ADG43737,2
ADG43799,2
AFF26760,2
AFF26771,2
ADG43798,2
ADG43796,2
ADG43794,2
AFF25761,2
ADG43756,2
ADG43755,2
ADG43782,2
AFF26826,2
AFF26837,2
AFF26850,2
ADG43735,2
ADG43722,2
ADG43789,2
ADG43721,2
AFF26872,2
ADG43838,2
AFF26894,2
ADG43720,2
ACA47614,2
ADG43814,2
ADG43719,2
AFF25794,2
AFF25695,2
ADG43822,2
ADG43834,2
ADG43718,2
ADG43726,2
ADG43751,2
AFF26929,2
AFF26951,2
AEH04383,2
BAF37820,2
ACZ46305,2
AFQ90513,2
AFQ90480,2
AFE03189,2
ABD35702,2
ABD35713,2
ABD35730,2
AGH30608,2
AGI55761,2
AGI55727,2
AGI55842,2
AGH30586,2
AFE48436,2
ABD35727,2
ABD35711,2
ABD35735,2
ACF22437,2
ACY80029,2
AFO83218,2
ACD12292,2
AFO83226,2
ACE73611,2
AFH77046,2
ADZ45227,2
ACZ81501,2
ABB88375,2
AGB50891,2
AEA04437,2
AFE85371,2
ADF45441,2
ABY51510,2
ADR65101,2
ADT64866,2
AEK65295,2
ADT64873,2
ADT64812,2
AEM00336,2
AEK65276,2
ADF45452,2
AEK65207,2
ABX88828,2
AEI29184,2
ACV41445,2
ABJ51680,2
ABJ53566,2
AAZ72957,2
ACZ46260,2
AAZ72956,2
ABJ16946,2
ABD14801,2
ACB70536,2
ACB70492,2
ACB70514,2
ACI16715,2
ACG58622,2
ACG58578,2
ABD14803,2
ACB70602,2
ACC63281,2
AEK65165,2
BAK18382,2
BAK18404,2
BAM78714,2
BAN04612,2
BAK18448,2
BAK18426,2
BAK18437,2
BAM42763,2
BAM42774,2
BAM36307,2
BAM36340,2
BAN14656,2
BAN14678,2
BAN04623,2
BAN04654,2
BAN04665,2
ACJ14971,2
ACJ15015,2
ACJ15037,2
ACJ14861,2
ACJ15103,2
ACJ15114,2
ACJ15147,2
ACJ14905,2
ACJ14916,2
ACJ14927,2
ACJ14938,2
ACF76241,2
ACI16726,2
AEK65256,2
AEI98755,2
AEI98754,2
AEI98757,2
AEB66923,2
ACZ53999,2
ABK32092,2
BAE07154,2
AFF26190,2
AFF25684,2
ACA48043,2
ADG59402,2
ACH85376,2
ABL08874,2
ACH85387,2
ABL08956,2
ACH85398,2
ACA48120,2
BAJ83300,2
BAJ83322,2
BAJ83366,2
BAJ83388,2
ABG27045,2
AFI73284,2
AAT12146,2
AFI73295,2
AEO52367,2
AEO52317,2
AEO52307,2
AAT12147,2
ABJ09503,2
ADB25613,2
ADB25679,2
ACT82336,2
ABW23593,2
ADQ20620,2
AFP99797,2
AFM09476,2
AFM09465,2
AFM09454,2
AFM09443,2
AFM09432,2
AFM09421,2
AFM09410,2
AFM09388,2
AFM09377,2
AFM09366,2
AFM09010,2
ACZ46341,2
ACF25631,2
ABR37447,2
ACG59934,2
ACF25084,2
AER09527,2
ACD84809,2
ABI84986,2
ACS89015,2
ACY78027,2
ACY78071,2
ACY78093,2
ADP07588,2
ACY79983,2
AEK50569,2
AEK49770,2
AEK49781,2
ACE76547,2
AGE00741,2
AGE00774,2
AEM75951,2
AGE03488,2
AGE08322,2
AGE08300,2
ACU15445,2
ADU20346,2
AGE00414,2
ABQ81816,2
ADF29831,2
ADF29842,2
ADF29840,2
ADF29832,2
ADF29839,2
ADM07055,2
ADM07066,2
ADM07077,2
ADM07088,2
AGB98399,2
AGB98410,2
AFR46625,2
AGB98190,2
ABI33791,2
AEV40289,2
ABJ09506,2
AAD51924,2
AAK55426,2
ADG59426,2
AFK13943,2
ABJ09523,2
ABL08990,2
ABL08992,2
ABL08994,2
ABL08887,2
ABL08884,2
ABL08974,2
ABL08976,2
ABL08978,2
ABL08864,2
ACZ46215,2
ABB88285,2
ACZ46211,2
ACZ46212,2
ACZ46214,2
ACZ46263,2
ACZ46262,2
ADG59384,2
ACJ24947,2
ABO13911,2
ACJ14485,2
AFC98313,2
ABJ09533,2
ABO76690,2
ACJ15197,2
ABI85054,2
ABB88397,2
ACF25492,2
ACF25525,2
AFK13965,2
ADG43769,2
ADG43830,2
ABL08969,2
ABL08968,2
ABL08903,2
ABL08982,2
ADG43779,2
ABO76689,2
ACZ46222,2
ABD14802,2
ABL08967,2
ABL08948,2
ACH85409,2
ABL08949,2
ACH85420,2
ABL08951,2
ACH85442,2
ACH85453,2
ACH85464,2
ACH85486,2
ACH85508,2
ABL08872,2
ACH85519,2
BAJ83333,2
BAJ83355,2
BAJ83377,2
ABB20358,2
ABB20368,2
ABB20379,2
ACC63248,2
ADD16612,2
ADG59389,2
ADG44987,2
ACJ26329,2
AEM75664,2
AFM09355,2
AFM09345,2
AFM09334,2
AEK49821,2
AGD99720,2
ADP07857,2
ADP07083,2
ADP07868,2
ADP07890,2
AEK50591,2
ABB43066,2
ABG75619,2
ACQ83009,2
ACQ83020,2
ACV90610,2
ACV91010,2
ACV90980,2
ACV90880,2
ABB87807,2
ABB87406,2
AFX84864,2
ACX55352,2
AEK49739,2
AEK49717,2
AEK52491,2
AEK49728,2
AGE09283,2
AEK50701,2
AGE09239,2
AEK49695,2
AGE09272,2
ADP95463,2
ACV41588,2
ADA82119,2
ADU16003,2
ADU17411,2
ACF25460,2
ACZ46041,2
ADT79553,2
ADT79597,2
ADT79619,2
ACT84170,2
AGG82914,2
AFP20938,2
AFP20911,2
AFP21296,2
AFP21131,2
AGG83010,2
ACX55396,2
ABO52694,2
ABO52540,2
ABM21956,2
ABI30363,2
ABO52452,2
ADW80411,2
ABQ01274,2
ABP49246,2
ABO52485,2
ABL67238,2
ABI95191,2
ACJ26340,2
ACJ26296,2
ADE75052,2
AAX07772,2
ABX38832,2
BAJ18084,2
ABR37381,2
ACJ69142,2
ACF25758,2
ACK43346,2
ACF25556,2
AFJ12757,2
AFJ12658,2
AFJ12691,2
AFJ12746,2
AFJ12790,2
ACS68409,2
ACJ69147,2
ABI84772,2
AFJ12823,2
ABI84762,2
ACS68389,2
AFJ12779,2
ADB25492,2
ADB26042,2
ADB26097,2
ACF24933,2
ACZ46210,2
ABB20513,2
ABI84573,2
AAA43118,2
AEB66912,2
ACZ46197,2
ABB21768,2
ABV56239,2
AGB98377,2
ADF29837,2
ABB86518,2
ABB19646,2
ABB17732,2
AFX85162,2
AGG26967,2
AFY09626,2
ABB87362,2
ABB20123,2
ABB18136,2
AEB71109,2
ABB19905,2
ABB87352,2
AET75079,2
BAM66240,2
BAM66280,2
BAM66272,2
ACB47234,2
ADF29848,2
AFM09259,2
ABB87321,2
ABB19818,2
AGG26955,2
AFX83990,2
AFX85007,2
AFX84820,2
AGG26979,2
ABB87818,2
AET74809,2
AGG27003,2
AFX85531,2
AFX84743,2
ABB19488,2
AFX88507,2
ACM18021,2
AFX85151,2
AET74969,2
ABB20092,2
ABB19790,2
ACZ36623,2
ACZ46142,2
AFX84754,2
AET75090,2
ABB19062,2
AFX84379,2
ABB17688,2
ABB17743,2
ACT84609,2
ACJ04573,2
ACI90135,2
AGG81903,2
ACZ54019,2
AET76373,2
AEM75962,2
AFM09248,2
ADF29836,2
AFM09237,2
ACJ26274,2
AFU10266,2
AFX81871,2
AGE07962,2
AGE07984,2
ABL67139,2
ABO52089,2
ACJ26351,2
ACZ46261,2
ABB19169,2
ABB19090,2
ABB87535,2
ABB19235,2
ABB87524,2
ABB87758,2
ABB18398,2
ABB87469,2
ABB18958,2
ABB87963,2
ABB87041,2
ABB87170,2
ABB19700,2
ABB86792,2
ABB19469,2
ABB87395,2
ABB19985,2
ABB19191,2
ABB19001,2
ABB88062,2
ABB87707,2
ABB87925,2
ABI84407,2
ABB88106,2
ABB87557,2
ABB17710,2
ABB19942,2
ABB87622,2
ABB19900,2
ABB87871,2
ADW26586,2
ABQ45372,2
ABI84862,2
ABI84901,2
ABI84955,2
AGG83877,2
AFY07189,2
AFY06015,2
ABB19581,2
ABB87458,2
ABB88007,2
ABI92265,2
ADW80290,2
ADG85886,2
ADG85922,2
ADG85916,2
ADG85889,2
ADG85898,2
ADG85900,2
ADG85921,2
ADG85906,2
ADG85896,2
ADG85893,2
ADG85887,2
ADG85899,2
ADG85909,2
ADG85903,2
ADG85902,2
ADG85892,2
ADG85888,2
ADG85923,2
ADG85890,2
ADG85901,2
ADG85895,2
ADG85920,2
AGG26834,2
AET74441,2
AET77834,2
ABB87935,2
AGG26678,2
AET74699,2
AET74700,2
AET74457,2
AET74458,2
AEK70450,2
AET76499,2
AET77861,2
ADC40786,2
ACX55319,2
ABB19751,2
AGG27516,2
AET75209,2
ADC44116,2
AFX84831,2
ABB20075,2
ABB20065,2
ABB19674,2
ADQ92632,2
AGG28352,2
AFX88525,2
AET77929,2
AET74853,2
AET75952,2
AET77940,2
AFX84886,2
ABB18076,2
AGG28256,2
AGG28268,2
ABB19400,2
AGG29042,2
ABB19765,2
AET74820,2
ADQ92686,2
AGG28568,2
AET76609,2
ABB87946,2
AET75220,2
AGG27039,2
AFX85040,2
AET77558,2
AET77559,2
AET75457,2
AET75963,2
AFX85795,2
ABB87747,2
AET75068,2
AET75378,2
AFX84721,2
AET77009,2
AET75057,2
ABB17820,2
ABB18032,2
AFX84908,2
AET76631,2
ABB87224,2
AET77571,2
AFX85750,2
AFX85751,2
ADQ92665,2
AET77238,2
AFX85084,2
AET77249,2
AET76642,2
AFX84853,2
AET80021,2
AFJ12447,2
AFX84798,2
AFX84014,2
AGG27480,2
AFX84446,2
AFX85465,2
ABB87727,2
ABB87235,2
AET76466,2
AFJ12469,2
AFX84457,2
ABB19893,2
ABB90172,2
AFJ13120,2
AET75930,2
AFX84043,2
AET78024,2
AET75231,2
ABB19614,2
ABB17753,2
AFJ13288,2
ABI84435,2
AET75363,2
AET77095,2
AFJ13321,2
ABB17763,2
AFX88560,2
AET75002,2
AET74653,2
AFX85018,2
AFX84168,2
AFX84169,2
AET78229,2
ABB19514,2
AET75974,2
ABB19525,2
ABB19874,2
AFJ13178,2
ABB87256,2
AFJ13189,2
AET75242,2
AET75424,2
AET78251,2
AGG26632,2
AFJ13200,2
AFX88598,2
AGG28688,2
AFX84086,2
AET75024,2
AFX88610,2
AFX88623,2
AFX85029,2
AET75264,2
AET75275,2
ABB87447,2
AFX85784,2
ABB19421,2
AET77456,2
AGG28580,2
AFJ13211,2
AFX85062,2
AGG28448,2
ABB19917,2
AGG27504,2
AET74517,2
AFJ13233,2
ABB17157,2
AET75035,2
AET75046,2
ABB18087,2
AFJ13134,2
AET75941,2
AFJ13244,2
AGG28460,2
AFJ13255,2
AGG27492,2
AGG28592,2
ABB19558,2
ACV90820,2
ABB20134,2
ACZ46242,2
ABB20138,2
ADN78170,2
AFJ12402,2
ACX55308,2
AEL89185,2
AEK65878,2
AEK50182,2
AEK49429,2
AEK49459,2
AEK49481,2
AFV80693,2
AEK50943,2
AEK50954,2
AFK75371,2
AEK50965,2
AFK75382,2
AFK75195,2
AFK75206,2
AFK75122,2
AFK75217,2
AFK75132,2
AFK75228,2
AGE09316,2
ADP07148,2
AFK75239,2
AGD99684,2
AGE08741,2
AGE08752,2
AGD99695,2
AGE08851,2
AGE08895,2
AGE08917,2
AGE08939,2
AGE08950,2
AGE08961,2
AGE08983,2
AGE09061,2
AGE09184,2
AGE09250,2
AFK75272,2
AFK75316,2
AGE09349,2
ADD25325,2
AEK50811,2
AEK50833,2
AEK50844,2
AEK50712,2
AEK50734,2
AEK50855,2
AEK50778,2
AEK50866,2
AEK50877,2
AEK50899,2
AEK50789,2
AEK50800,2
AEK49321,2
AEK49332,2
AEK49995,2
AEK50006,2
AEK50017,2
AEK50028,2
AEK50690,2
AEK50657,2
AEK50668,2
ACQ83294,2
AEK49343,2
AEK50083,2
AEK50094,2
AEK50116,2
AEK50149,2
AEK49374,2
AEK49396,2
AEK50105,2
AEK49407,2
AEK49418,2
ACV41566,2
ACF47474,2
ADN34717,2
AEB89853,2
AEB89864,2
AEB89875,2
ADZ75337,2
AEB89886,2
AFH41204,2
ADZ75326,2
AFH41193,2
ABB83592,2
ADA69373,2
AER70097,2
ACS89004,2
ABQ81826,2
BAI48891,2
ABW21646,2
ABW21676,2
ABW21666,2
ABW21656,2
ACS68481,2
ACV90650,2
ADU20357,2
ADU20379,2
AGD99812,2
AGE00550,2
AGE00562,2
AGE07929,2
AGE07907,2
AGE07918,2
AGE00609,2
AEM75472,2
AEM75154,2
AEM75165,2
AEM75554,2
AEM75483,2
AEM76006,2
AEM76017,2
AEM76028,2
ACY79967,2
ACV90960,2
ACQ82955,2
AGB98223,2
AGB98234,2
AGB98245,2
AGB98311,2
AGB98333,2
AGG25414,2
AGG25426,2
AGG25438,2
AGG25548,2
AGG25782,2
AGG26070,2
AGG26564,2
ACQ82988,2
ACQ82922,2
ACQ82835,2
ADU53139,2
ADU16901,2
ADU16682,2
ADU53149,2
ADU53207,2
ADR00684,2
ADU16967,2
ADU17000,2
ACV41676,2
ADR00797,2
ADR00919,2
ADU33137,2
ADU17466,2
ADU16923,2
ADR00744,2
ADR00753,2
ADU53621,2
ADU53662,2
ADU53357,2
ADU17154,2
ADU53434,2
ADU53463,2
ADU56764,2
ADU17340,2
ADU17444,2
AGG26181,2
ADU16890,2
ADU56687,2
ADU16704,2
AGB98155,2
ADU25030,2
ADU53308,2
AGB98019,2
AGB98107,2
AGB98140,2
AGG23832,2
AGG23734,2
AGG23736,2
AGG26337,2
AGE08017,2
AGE03444,2
AGE03477,2
AEM75359,2
ABQ84660,2
ABY26121,2
AEK65992,2
ABQ84661,2
ABQ84659,2
ACI16704,2
ADG43681,2
ADG43680,2
ADG43679,2
ADG43843,2
ADG43685,2
ADG43740,2
ADG43684,2
ADG43826,2
ADG43825,2
ACV90850,2
ACN39316,2
ADW01401,2
ACU87072,2
AFL56743,2
ACV90750,2
ABW94125,2
ACG59880,2
ACF33649,2
ACF33669,2
ACI41063,2
ACF25208,2
ACF33680,2
ACK43357,2
ACF24998,2
ACI41052,2
ACF25186,2
ACF25197,2
AFJ12548,2
ABQ12375,2
ABG88889,2
ACF25164,2
ADW80246,2
ACG59859,2
ADW80323,2
ABO76975,2
ADW80342,2
ABO52617,2
ABO52628,2
AEL23176,2
ABY51576,2
ABO52672,2
ACZ46371,2
ABS70312,2
ABS70322,2
ABS70333,2
ABS70344,2
ABO51979,2
ACZ46373,2
ABX88806,2
ACS68348,2
ABO76986,2
ACZ46357,2
ACZ46376,2
ACS68326,2
ACM66726,2
ACM66715,2
ACZ46393,2
ACI41018,2
ACM66704,2
ACM66836,2
ACZ46390,2
ACM66682,2
ACY80058,2
ACZ46395,2
ACD85150,2
ABS70407,2
ACI41007,2
ACI40996,2
ACZ46366,2
ACZ46396,2
ABO51968,2
ADW80455,2
ACZ46382,2
ABO52573,2
ABO52584,2
ABS89405,2
ACZ46370,2
ABO51858,2
ACZ46399,2
ADW80477,2
AEB39749,2
ACM66781,2
ABP49594,2
ACZ46384,2
ACZ46385,2
ACZ46388,2
AEB41013,2
AGC73001,2
AGC73012,2
ACV90940,2
ACF25262,2
ACF25251,2
ACZ46096,2
ACZ46090,2
ACF33702,2
ACZ46106,2
ACZ46107,2
ACZ46132,2
ACZ46104,2
ACZ46097,2
ACK43397,2
ACK43367,2
ACZ46137,2
ACZ46098,2
ACZ46100,2
ACZ46105,2
ACS68463,2
ACZ46129,2
ACZ46022,2
ACZ46103,2
ACZ46023,2
ACF24991,2
ACF25007,2
ACZ46133,2
ACZ46034,2
ACZ46121,2
ACZ46094,2
ACZ46115,2
ACY80052,2
ACZ46088,2
ACZ46033,2
ACK43362,2
ACZ46135,2
ACK43379,2
ACK43372,2
ACZ46119,2
ACZ46116,2
ACZ46076,2
ACF25273,2
ACZ46045,2
ACZ46095,2
ACZ46025,2
ACZ46134,2
ACZ46127,2
ACF25014,2
ACZ46086,2
ADH95940,2
ADH95951,2
ADH96146,2
ADH96179,2
ADH96201,2
ADH96223,2
ADT79564,2
ADT79350,2
ACS92950,2
ADT79397,2
ADT79422,2
ADT80625,2
ADV16344,2
ADT79450,2
ADT79518,2
ACT84182,2
ACT84292,2
ACT84362,2
ACT84376,2
ACT84381,2
ACN86707,2
ACN86713,2
ACT84632,2
ACT84638,2
ACT84644,2
ACT84660,2
ACT84665,2
ACT84669,2
ACT84681,2
ACT84703,2
ACT84719,2
ACT84724,2
ACT84730,2
ACT84736,2
ACT84760,2
ACT84765,2
ACT84910,2
ACT84920,2
ACT84925,2
ACT84930,2
ACT84954,2
ACT84969,2
ACT84979,2
ACT84984,2
ACT84994,2
AGE03094,2
AGE03083,2
AEM76579,2
AEM76648,2
AEM76660,2
AGE08311,2
AGE08344,2
AGE08357,2
AGE08578,2
AGE08278,2
AGE08620,2
AGC73034,2
AGE08289,2
AGE03196,2
AEM76050,2
AEM76061,2
AEM76469,2
AEM75370,2
ACZ46201,2
ACZ46309,2
ACV90530,2
ACY79995,2
ADQ20581,2
ADE75110,2
ACU15310,2
ACU15046,2
AFM83229,2
ADE75063,2
ACR59550,2
ADE75081,2
AFM83218,2
AFM82610,2
AFM82599,2
ACR58581,2
AFM78532,2
ADE75091,2
ACU15579,2
ADE75138,2
ADQ20600,2
ACR59572,2
ADQ20530,2
ACU15188,2
AFM83207,2
ADI88870,2
ACR58592,2
ADQ20520,2
ACR58570,2
AFM83174,2
ADQ20591,2
ADQ20686,2
ADI88881,2
ADE75250,2
AFM83185,2
ADQ20572,2
ACR59539,2
ACZ46348,2
ACV90680,2
ACV90670,2
AGG82806,2
AGG81746,2
AGG83328,2
AGG84120,2
AFY05926,2
AFY05748,2
AFY05959,2
AFY07129,2
ABI84791,2
CAB56290,2
ADR66441,2
ADF45463,2
ADR66420,2
ACV41599,2
ADR65373,2
ADR65128,2
ADR66047,2
ADR66054,2
ADR66062,2
ADR66191,2
ADR66199,2
ADR66208,2
ADR66406,2
ADR66414,2
ADR65367,2
ACO95719,2
ADR65392,2
ACT85054,2
CCH50648,2
CCH50659,2
AGG83034,2
AFY06046,2
AFY06123,2
ABQ43791,2
ACH43180,2
AGC73976,2
ABL75592,2
AGC73023,2
AGC70834,2
AGC72925,2
AGC70822,2
ABO52188,2
AGC73056,2
AGC73177,2
AGC73457,2
AGC73144,2
AGC73883,2
AGC73078,2
AGC73420,2
AGC73506,2
AGC73155,2
AGC73872,2
AGC73468,2
AGC73482,2
AGC73927,2
AGC73392,2
AGC73067,2
AGC73221,2
AGC73828,2
AGC73713,2
AGC73089,2
AGC73773,2
AGC70913,2
AGC73839,2
ABO52122,2
ABO52496,2
AEB41026,2
ADA82185,2
ABL67051,2
AEM75381,2
AEM76502,2
ABI92254,2
ABG88208,2
ABR37458,2
ABP49268,2
ABO52507,2
ABO52683,2
ABO52463,2
AEM75403,2
ABO52155,2
ABO52056,2
ABO52166,2
ABI92243,2
ABJ09103,2
ABK40641,2
ABG88230,2
ABL67029,2
ABI95213,2
ABI92199,2
ADW80268,2
ACM66803,2
ACM66792,2
ABO52397,2
ABJ09136,2
AEB41000,2
ABP49213,2
ACV90900,2
ABO51836,2
ADW81969,2
ABG88263,2
ABO52144,2
ABO51990,2
ADW80312,2
ABO52001,2
ABO51869,2
ABP49579,2
ACZ46361,2
ABJ53434,2
ABO51924,2
ABO51847,2
ABO51935,2
ACZ46392,2
ACZ46362,2
ABP04027,2
ABG88241,2
ABL67150,2
AEK70479,2
AEK65737,2
AEK70490,2
AEK65748,2
AFJ13087,2
ADP07214,2
ACV91040,2
ACZ36615,2
AEA92618,2
ADK92726,2
ADK70137,2
ACZ46310,2
AFJ13222,2
AAY87417,2
AFP21418,2
ACV41489,2
ACX55418,2
ACX55429,2
ACX55451,2
ACX55407,2
ACX55462,2
ACX55473,2
ACV41511,2
ACX55484,2
ACX55495,2
AEK70676,2
AEK65836,2
ACX55374,2
ACV41478,2
ACX55385,2
AFJ12856,2
AFJ12414,2
ABU53958,2
ABQ23873,2
AET11799,2
ADG43727,2
ADG43835,2
ACT84337,2
ACT84342,2
AFJ12427,2
AFJ12889,2
ACN65653,2
AFM83108,2
AFM82766,2
ADE75070,2
AFM82777,2
AFM82799,2
AFM82964,2
ADE75121,2
ADE75129,2
ADE75147,2
AFM82810,2
ACU15117,2
ACU15507,2
AFM83019,2
ADE75165,2
ADE75174,2
ADE75182,2
AFM83041,2
ADE75213,2
AFM83008,2
AFM82843,2
ADE75231,2
ADE75239,2
AFM82540,2
ADE75282,2
AFM83240,2
ADE75260,2
ADE75271,2
AFM82562,2
ACZ46276,2
AFM83075,2
ADE75333,2
ADE75304,2
ACZ46346,2
ADE75322,2
AFM82997,2
ADQ26636,2
AFM82755,2
ACN65676,2
ACN65665,2
ABI84730,2
ACF25046,2
ACF25482,2
ACV42647,2
ADP07236,2
ADP07247,2
ADP07258,2
ADP07280,2
ADP07423,2
ADP07434,2
ADP07643,2
ADP07654,2
ADP07676,2
ADP07687,2
ADP07720,2
ADP07758,2
ADP07824,2
ADP07063,2
ADP07846,2
ADP07072,2
ACV90630,2
ADU33159,2
ADU17623,2
ADU17631,2
AGD99801,2
AGE00851,2
AGE01007,2
AGE00697,2
AGE00366,2
AGE02758,2
AGE02769,2
AGE03017,2
AGE03028,2
AGE03039,2
AGE02670,2
AGE03116,2
AGE03129,2
AGE03140,2
AGE00452,2
AGE03162,2
AGE03163,2
AGE00829,2
AGE00840,2
AEM75631,2
AEM75224,2
AEM75698,2
AEM75709,2
AEM75257,2
AEM75290,2
AEM75896,2
AEM75246,2
AEM75753,2
AEM75764,2
ACZ46207,2
AEM75775,2
AEM75786,2
AEM75797,2
AEM75653,2
ACY79968,2
ACK99362,2
ACF36832,2
ACI40919,2
AEK84706,2
AER09670,2
BAM62309,2
AFE03154,2
ABQ84651,2
ABQ84669,2
ABQ84670,2
ABQ84652,2
BAI44485,2
ABI85230,2
ACY80023,2
ACY80010,2
ACY80017,2
ACY80030,2
ACA04515,2
ACY80028,2
BAM36136,2
BAN14667,2
BAM85843,2
BAM85854,2
BAN04634,2
BAM99992,2
BAM36147,2
BAM36158,2
BAK39621,2
ACJ53837,2
CAQ64752,2
ACJ24958,2
ACS68470,2
ACZ36616,2
ADQ20664,2
BAM62133,2
BAH97330,2
AFM09226,2
AFM09215,2
AFM09204,2
AFM09193,2
AFM09171,2
AFM09149,2
AFM09139,2
AFM09128,2
AFM09117,2
ACU26266,2
AET77986,2
AFX86160,2
AGE09305,2
AGE09338,2
AFK75338,2
ACY79969,2
AEK49830,2
AEK49841,2
AEK50613,2
AEK50646,2
AGE00598,2
ACZ46204,2
ACQ82867,2
AGB98366,2
AGB98256,2
AGB98030,2
AGB98322,2
AGG25584,2
AGG25842,2
AGG26106,2
AGG26022,2
AFR46636,2
ADU16517,2
ADU56671,2
ADU16594,2
ADU16660,2
ADU16934,2
ADU16978,2
ADR00951,2
ADU17066,2
ADU53040,2
ADU53405,2
ADU20269,2
ADU53415,2
ADU17143,2
ADU17263,2
ADU53062,2
ADU53480,2
ADU17318,2
ADU17351,2
ADU53505,2
ADU17400,2
ADU53106,2
ADU17433,2
ADU56784,2
AGG26205,2
AGG26232,2
AGG26234,2
AGG26495,2
AGG24076,2
AGG23820,2
AGG24016,2
AGG24148,2
AGG23586,2
AGG25402,2
AGG26325,2
AGG26349,2
AGG26398,2
ACY79966,2
AEM76491,2
ACV41544,2
ACT84322,2
ACT84332,2
ACT84357,2
ACZ46118,2
ACZ46123,2
ACV90870,2
AGE01029,2
AEM75808,2
ACY79963,2
ACU26299,2
ACU26365,2
ACU26387,2
ADR00853,2
AGE00495,2
AGE00496,2
AGE00509,2
AGE00510,2
AEK50382,2
AGE09294,2
ADP06969,2
ADP07478,2
AGE08664,2
AGE08675,2
AFK75261,2
AFK75305,2
AFK75143,2
AFK75349,2
AGE09217,2
ADP06939,2
ADP07500,2
ADP07093,2
ADP07923,2
AEK49511,2
AEK50259,2
AEK49531,2
AEK49542,2
AEK50281,2
AEK49553,2
ACE76536,2
ACQ83075,2
AEK50415,2
ACE81691,2
ACF74211,2
ACF74222,2
ACE76580,2
ACQ83097,2
ACJ04608,2
ACE76591,2
ACE76613,2
ACQ83108,2
ACQ83130,2
ACF74252,2
ACQ83141,2
ACE81735,2
ACF74261,2
ACQ83064,2
ACE76635,2
ADP95404,2
ADA82086,2
ACV41577,2
AFM82584,2
ADU20482,2
AGE00807,2
AGE03500,2
AEM75178,2
ACQ82944,2
AGB98300,2
AFR46647,2
ACQ82933,2
ADU16429,2
ADR00713,2
ADU53330,2
ADR00962,2
ADU53694,2
ADU16956,2
ADU53084,2
ADV16333,2
ADU57975,2
ADU17389,2
AGB98168,2
AGG23760,2
AGG24124,2
ACT84785,2
ACT84797,2
ACT84812,2
ACT84817,2
ACT84895,2
ADU20280,2
ADU20291,2
ADU17614,2
AGE03105,2
AGE08201,2
AEM76623,2
AGE08333,2
AGE03185,2
AGE03220,2
AEM76480,2
ACZ46183,2
ACZ46184,2
ADP07621,2
ACF25449,2
ADP07313,2
ADP07346,2
ADP06958,2
ADP07357,2
ADP07379,2
AGE02725,2
AEM75830,2
AEM76439,2
AGE08105,2
ABO33711,2
ABL67826,2
ABO33713,2
ABL67804,2
ABO33717,2
ABO33731,2
ABO33729,2
ABL67791,2
ADK22460,2
ADK22459,2
ABS50856,2
ABJ90279,2
ACZ46323,2
AAQ04951,2
ACT83210,2
AFM08890,2
AFM08879,2
AFM08868,2
AFM08857,2
AEB26720,2
BAB39509,2
BAB39510,2
AFK73118,2
AFK73128,2
ACA47768,2
ABD35709,2
ADA82130,2
ABS89526,2
BAH95851,2
BAJ83421,2
ACJ26131,2
ACJ26373,2
ABR53823,2
CAC84869,2
CAC84864,2
BAJ18076,2
AAQ04958,2
ACF25649,2
ABB21800,2
ACF24919,2
ACD88530,2
ACA47779,2
ACA47713,2
ADG59556,2
BAJ18092,2
ACR49348,2
ABB21779,2
ABB90199,2
ACA23990,2
ACZ46259,2
AFH77037,2
BAG80782,2
ACR58625,2
ABB19202,2
ABB19098,2
ABB19781,2
ABB19536,2
ABB87546,2
ABB19547,2
ABB87213,2
ABB87417,2
ABB87996,2
ABB87633,2
ABG88285,2
ABB87736,2
ABB19070,2
ABB87796,2
ABB20082,2
ABB87202,2
ABI84912,2
ABB19378,2
ABK79944,2
AEM53437,2
ABL67095,2
ADW80301,2
ABO76920,2
ABI20822,2
AEM53424,2
AET75308,2
AET75985,2
AAA43615,2
AFX84623,2
AGC56067,2
ABB19114,2
ABB19883,2
AGG27617,2
ACZ46318,2
ACV41632,2
AFJ12458,2
AGG27123,2
ABB87685,2
ABB17677,2
AFX88536,2
AFX88546,2
AET76998,2
AFX88573,2
AGG28472,2
AET75297,2
ABB88084,2
BAJ14571,2
BAJ14577,2
ABW23582,2
ADQ27990,2
ACY80049,2
ACF25175,2
ABI20811,2
ABL67073,2
ABG88274,2
ABM66860,2
ABI95169,2
ABI95481,2
ACZ46254,2
ABK80010,2
ABR28533,2
ABR15793,2
ABM22055,2
BAJ08840,2
BAJ08841,2
BAJ08843,2
BAJ08844,2
ACZ46187,2
ABM21924,2
ABV31931,2
CAC84865,2
CAC84866,2
CAC84867,2
CAC84868,2
BAJ18060,2
BAJ18068,2
ACD88688,2
ABI84500,2
AEA04426,2
ACZ46235,2
ABR37392,2
ABO77030,2
AFK13954,2
AEJ31945,2
AEJ31956,2
ACZ36620,2
ACF24952,2
BAG80777,2
ABB90189,2
ABB88169,2
AEK65372,2
ACV90550,2
ACI16671,2
ACF24937,2
BAG80772,2
ADV58889,2
ABM46457,2
ABM46458,2
ABM46459,2
ABM46452,2
ABM46454,2
AFR53938,2
ABC69223,2
BAM74050,2
AEK65196,2
ACR49064,2
ACV86867,2
AGG26741,2
AET75841,2
ACZ46048,2
ACZ46050,2
ACZ46024,2
ACZ46051,2
ABB87840,2
AGG26619,2
ACN86467,2
ACN86491,2
ADT79359,2
ABX88839,2
ABB20420,2
ABX88861,2
ACA04559,2
ABB87502,2
ABB19992,2
ABB20017,2
ACX55363,2
AET77139,2
AET74717,2
ACF24957,2
ACF25660,2
ACF47507,2
ACF47540,2
ACZ46122,2
ACZ46042,2
AFP20877,2
AFP21021,2
AGG81843,2
AGG81855,2
ACU26255,2
ADH96267,2
AEK65825,2
AEL22836,2
AEL22847,2
ADK78184,2
AFF60775,2
ADK78195,2
ADK78206,2
AEM75323,2
AGE00377,2
ACV86877,2
ACV86887,2
BAI43445,2
ADQ27996,2
ABB19836,2
ABB87829,2
ACF25405,2
ACD76868,2
ABB87914,2
ABB87644,2
ACK99384,2
AFX85173,2
AGG28176,2
AGG27404,2
AFX85983,2
AFX85184,2
AFX85201,2
AET75574,2
AGG27216,2
AET75586,2
AFX84113,2
AET76444,2
AET74602,2
AFX85994,2
AET76532,2
AET75622,2
AET76744,2
AFX85597,2
AGG27243,2
AFX85212,2
AET75634,2
AGG27281,2
AFX84996,2
AET75645,2
AET75662,2
AET75674,2
AFX86005,2
AGG26710,2
AFX85234,2
AET75696,2
AGG27305,2
AET74472,2
AET74473,2
AFX84155,2
AFX84100,2
AET75805,2
AFX88633,2
AFX85256,2
AET74542,2
AET74543,2
AFX85267,2
AET75198,2
AET76587,2
AFX85300,2
AFX84809,2
AFX85322,2
ACO95664,2
AET76598,2
AGG26588,2
AFX85366,2
AET74787,2
AEK66095,2
AGG27629,2
AFX84930,2
AFX84974,2
AFX85476,2
AFX83968,2
AFX83979,2
AFX85487,2
AET75502,2
AGG26696,2
AFJ13431,2
AET75525,2
AET75550,2
AET75551,2
ABI85179,2
ACZ46054,2
ACF25023,2
ACZ46060,2
AET74382,2
AET74383,2
ACZ46139,2
ABB20038,2
AFX88495,2
ACV89734,2
ACZ46126,2
ABI85190,2
ACZ46061,2
ACZ46031,2
ACZ46172,2
ACZ46053,2
ACZ46168,2
AFJ04788,2
ABB88128,2
ACN86443,2
ACT84396,2
ACT84550,2
ACN86635,2
ACT84557,2
ACF33628,2
ACF25350,2
ACF33639,2
ACF33746,2
ABB19506,2
ACK43407,2
ABB20056,2
AET74403,2
AET74404,2
AGG27164,2
AGG27176,2
ACZ46158,2
ACZ46145,2
ACZ46156,2
ACZ46111,2
AAA43665,2
ABB87611,2
ACZ46162,2
ACF25241,2
ACZ46175,2
ABB87310,2
ACZ46075,2
ACY80038,2
ACZ46082,2
ACN86455,2
ACT84408,2
ACN86497,2
ACN86515,2
ACT84433,2
ACN86557,2
ACT84458,2
ACN86587,2
ACT84496,2
ACT84519,2
ACT84563,2
ACT84570,2
ACN86671,2
ACN86677,2
ACN86683,2
ACN86689,2
ACN86695,2
AEB39697,2
ADU17575,2
AET74570,2
ABB20158,2
AFJ13354,2
ACJ26208,2
ACJ26076,2
ABB20148,2
AET74418,2
ACZ46070,2
ABV01306,2
ABB20521,2
AEA04330,2
ABB20349,2
ACV41456,2
ABB19411,2
AGG27365,2
ABB19974,2
ABB88095,2
ABB19981,2
ABB19969,2
ABB87341,2
AGG27540,2
AFX85106,2
AET76521,2
AET76686,2
AET76477,2
AGG28724,2
AET77059,2
AET77272,2
AET76697,2
AET76719,2
AGG28208,2
AET77294,2
AET77327,2
AFX85117,2
AFX88648,2
AFX88649,2
AET77117,2
AGG27528,2
AFX86071,2
AFX85894,2
AFJ13497,2
AET76777,2
AET74626,2
AET76799,2
AGG27553,2
AGG27555,2
AET76543,2
AGG27317,2
AGG27569,2
AGG26729,2
AFX85667,2
AFX84941,2
AGG28772,2
AFX86082,2
AFX86104,2
AET76576,2
AGG28784,2
AET77172,2
ADQ92600,2
AFX86115,2
AFX85773,2
AFX85129,2
AET76917,2
AET76928,2
AET76951,2
AET75852,2
AET74505,2
AET78206,2
AET78207,2
AET75863,2
AET77031,2
AET75479,2
AET75919,2
AET76986,2
AGG26898,2
AFX84963,2
AFX85388,2
AFX85960,2
AET75468,2
AET76384,2
AGG26912,2
AFX85399,2
ACR58691,2
AGG28928,2
AGG27641,2
AFX88662,2
AFX86038,2
AFX85410,2
AGG28014,2
AFX85421,2
AFX86016,2
AET74683,2
AFX86126,2
AET78148,2
AGG28075,2
AET77128,2
AGG28982,2
AFX86137,2
AGG28700,2
AFX85432,2
AGG28664,2
AFX85850,2
AFX86060,2
AGG26809,2
AFX85927,2
AGG28994,2
AFX86148,2
AGG28113,2
AGG27389,2
AET74676,2
AFX85542,2
AFX85806,2
AGG29006,2
AET77042,2
AFX85553,2
AFX84129,2
ACR58636,2
ACV41643,2
ACV41621,2
ABS52582,2
ACU15642,2
ABI85206,2
ACU15771,2
ACU15843,2
ACU15974,2
ADQ92676,2
ABB20099,2
ADG59413,2
AFJ13065,2
ACA47812,2
AEK65267,2
ADU17586,2
ADU53735,2
ABI33796,2
ABM22000,2
ABM22011,2
ABL67161,2
ACV90910,2
AGG81927,2
AEK65803,2
ACZ36607,2
AEQ28345,2
AFM09062,2
AEK84713,2
ACU87073,2
ACU87075,2
ACU87074,2
ACU87070,2
ACU87071,2
ACU87067,2
ACU87066,2
AEB89899,2
ACR56288,2
CBY88897,2
CBY88898,2
CBY88899,2
ACA21684,2
ABS89361,2
ABI85080,2
ACX47995,2
AEX32733,2
AAX53558,2
BAF56437,2
AFJ13076,2
AEG20979,2
ADN65125,2
ABJ53555,2
AEO22146,2
AEO31331,2
ADF65090,2
ABR37359,2
ABR37348,2
ADP07043,2
ACZ46306,2
ABI84977,2
ADF29835,2
ADF29845,2
ADF29843,2
ADF29834,2
ADF29844,2
ADD21477,2
AAZ29582,2
AAZ29583,2
AAZ29584,2
AAZ29585,2
BAG80783,2
ACX47993,2
ABR53825,2
ADK70138,2
AFM09041,2
AFM09030,2
AFM09019,2
ACV90660,2
ACZ46144,2
ADV58888,2
ACF36768,2
ACF25639,2
ACF24962,2
ACF24887,2
ACZ36604,2
ACZ46193,2
ABO44251,2
ABI85091,2
ACZ46245,2
ABI85168,2
ACF40967,2
ACF40956,2
AER57950,2
AFK73137,2
ACF25609,2
ABQ41887,2
ABI85124,2
ABS50852,2
ABS50853,2
ABS50858,2
ABS50859,2
AEZ67267,2
ACA03219,2
ABS50840,2
ABS50844,2
ABS50837,2
ABS50835,2
ABO52716,2
ABS89350,2
ABO77052,2
ABR37337,2
ABO52738,2
ABR37326,2
ACZ46329,2
ABV01273,2
ABV01284,2
ABO77063,2
ACZ46326,2
AFR33911,2
ABS89515,2
ABV01262,2
ABB20489,2
ABO52782,2
ABY51554,2
ACA04603,2
ABV01218,2
AEL23179,2
ABO77074,2
ABO44152,2
ABO52771,2
ACZ46320,2
AEK65943,2
ACA04592,2
ABO44185,2
AEL23181,2
ABS89328,2
ABO44295,2
ACD88523,2
AFU10249,2
AFU10238,2
ACZ36605,2
ACF25620,2
ABI84513,2
AEA04319,2
ABI84701,2
ABI84719,2
ACF25061,2
ACB21166,2
ABI84710,2
ACF24975,2
ACF25683,2
ABI84680,2
AAA43685,2
ABI84670,2
ACD88710,2
AEK65394,2
ACG59924,2
ACR09584,2
AEK65632,2
ADB25602,2
ADB25965,2
ACD88655,2
ACD88666,2
ABC59714,2
ABF18001,2
ABB20528,2
AEA04350,2
AEA04394,2
ACZ46202,2
ACF36753,2
AEP17296,2
AEA04341,2
ABH04378,2
ABU62897,2
ACF25589,2
ACB47242,2
ACF25810,2
ACG59817,2
ACG59828,2
ACG59914,2
ACF25804,2
ACZ36619,2
ACZ36618,2
ACG59806,2
ADQ28001,2
ACZ46300,2
AAY52715,2
AEA04415,2
ADV76660,2
ACR58724,2
BAM74051,2
AET80420,2
ACL79896,2
ACV90590,2
ACV90620,2
ACY79964,2
ACV90770,2
ABB88145,2
ACS89026,2
BAL15178,2
ACV90690,2
ACV90740,2
AFM82573,2
ABL08851,2
AGI02441,2
ABQ01307,2
AFX81891,2
BAG68175,2
BAG71014,2
ABR53827,2
ABR53826,2
AFB18646,2
BAJ10010,2
ACZ36593,2
BAE48330,2
BAI39415,2
ABB19125,2
ABG88252,2
AFZ77447,2
AEK84707,2
AEK84693,2
AEK84694,2
ACY06628,2
AEK84710,2
AFQ60337,2
AFQ60326,2
ACY06630,2
AFQ60282,2
AFQ60271,2
ACV90600,2
ACV91050,2
ACV90580,2
ACY79999,2
ACY79987,2
ACX47996,2
AAX53557,2
ABX83937,2
ABX83952,2
AFF25673,2
AFQ60369,2
ADM26531,2
AFQ60380,2
ADM26527,2
ADM26522,2
ADM26528,2
ADM26524,2
AFQ60315,2
ADM26525,2
ADM26523,2
AFR11222,2
AFR11211,2
ADM26521,2
ADM26530,2
ADG59386,2
ACZ36582,2
ABI33794,2
ABQ84664,2
ADG43768,2
ADG43818,2
ABQ84662,2
ADG43840,2
ABQ84663,2
ADG43807,2
ADG43805,2
AFF25717,2
ADG43815,2
ADG43746,2
ADG43847,2
ADG43743,2
ADG43736,2
ADG43836,2
ADG43734,2
ADG43781,2
ADG43730,2
ADG43752,2
ADG43778,2
ADG43777,2
AFF25805,2
AFJ13277,2
ABI84923,2
AEB66689,2
ACY79985,2
BAM84143,2
BAM84165,2
